Subject,Is_Calming_Music,Trial_Number,Difficulty,Difficulty,Response_Time,Correct_Response,Actual_Response,Answered_Correctly
3,1,1,1,1,1432,1,1,1
3,1,1,1,1,825,1,1,1
3,1,1,1,1,631,0,0,1
3,1,1,1,1,531,0,0,1
3,1,1,1,1,421,1,1,1
3,1,1,1,1,849,0,1,0
3,1,1,1,1,1141,0,1,0
3,1,1,1,1,922,1,1,1
3,1,1,1,1,387,1,1,1
3,1,1,1,1,344,1,1,1
3,1,1,1,1,473,1,1,1
3,1,1,1,1,668,1,1,1
3,1,1,1,1,290,1,1,1
3,1,1,1,1,209,0,0,1
3,1,1,1,1,282,1,1,1
3,1,1,1,1,797,1,1,1
3,1,1,1,1,426,1,1,1
3,1,1,1,1,350,1,1,1
3,1,1,1,1,290,1,1,1
3,1,1,1,1,757,1,1,1
3,1,1,1,1,392,1,1,1
3,1,2,3,3,442,1,1,1
3,1,2,3,3,765,1,1,1
3,1,2,3,3,1063,1,1,1
3,1,2,3,3,1147,1,1,1
3,1,2,3,3,623,0,1,0
3,1,2,3,3,462,0,0,1
3,1,2,3,3,410,0,1,0
3,1,2,3,3,892,1,1,1
3,1,2,3,3,544,1,1,1
3,1,2,3,3,555,1,1,1
3,1,2,3,3,325,0,0,1
3,1,2,3,3,529,1,1,1
3,1,2,3,3,822,1,1,1
3,1,2,3,3,532,1,1,1
3,1,2,3,3,457,1,1,1
3,1,2,3,3,815,1,1,1
3,1,2,3,3,356,1,1,1
3,1,3,3,3,289,1,1,1
3,1,3,3,3,1378,1,0,0
3,1,3,3,3,840,0,0,1
3,1,3,3,3,629,1,1,1
3,1,3,3,3,560,1,1,1
3,1,3,3,3,876,1,0,0
3,1,3,3,3,759,1,1,1
3,1,3,3,3,191,1,1,1
3,1,3,3,3,552,1,1,1
3,1,3,3,3,465,1,1,1
3,1,3,3,3,381,0,0,1
3,1,3,3,3,163,1,1,1
3,1,3,3,3,301,0,0,1
3,1,3,3,3,271,1,1,1
3,1,3,3,3,322,0,1,0
3,1,3,3,3,519,0,0,1
3,1,3,3,3,477,1,1,1
3,1,3,3,3,998,1,1,1
3,1,3,3,3,859,1,1,1
3,1,4,1,1,198,1,1,1
3,1,4,1,1,293,1,1,1
3,1,4,1,1,112,1,1,1
3,1,4,1,1,97,1,1,1
3,1,4,1,1,127,1,1,1
3,1,4,1,1,389,1,1,1
3,1,4,1,1,333,1,1,1
3,1,4,1,1,267,0,0,1
3,1,4,1,1,275,1,1,1
3,1,4,1,1,336,0,0,1
3,1,4,1,1,472,1,1,1
3,1,4,1,1,202,0,0,1
3,1,4,1,1,433,1,1,1
3,1,4,1,1,647,1,1,1
3,1,4,1,1,369,1,1,1
3,1,4,1,1,298,1,1,1
3,1,4,1,1,665,0,0,1
3,1,4,1,1,376,1,1,1
3,1,4,1,1,264,0,0,1
3,1,4,1,1,259,1,1,1
3,1,4,1,1,385,1,1,1
3,1,5,3,3,206,1,1,1
3,1,5,3,3,601,1,1,1
3,1,5,3,3,674,1,1,1
3,1,5,3,3,793,0,0,1
3,1,5,3,3,1194,1,1,1
3,1,5,3,3,935,1,0,0
3,1,5,3,3,359,1,1,1
3,1,5,3,3,822,1,1,1
3,1,5,3,3,650,1,1,1
3,1,5,3,3,765,0,1,0
3,1,5,3,3,942,1,1,1
3,1,5,3,3,507,1,0,0
3,1,5,3,3,819,0,0,1
3,1,5,3,3,1092,1,1,1
3,1,5,3,3,1160,0,1,0
3,1,5,3,3,1007,0,0,1
3,1,5,3,3,527,1,1,1
3,1,5,3,3,624,1,1,1
3,1,5,3,3,774,1,1,1
3,1,6,1,1,216,1,1,1
3,1,6,1,1,155,1,1,1
3,1,6,1,1,158,1,1,1
3,1,6,1,1,284,0,0,1
3,1,6,1,1,200,0,0,1
3,1,6,1,1,245,1,1,1
3,1,6,1,1,195,1,1,1
3,1,6,1,1,457,1,1,1
3,1,6,1,1,712,1,1,1
3,1,6,1,1,287,0,0,1
3,1,6,1,1,130,1,1,1
3,1,6,1,1,311,1,1,1
3,1,6,1,1,510,1,1,1
3,1,6,1,1,562,1,1,1
3,1,6,1,1,157,1,1,1
3,1,6,1,1,285,1,1,1
3,1,6,1,1,654,0,1,0
3,1,6,1,1,768,1,1,1
3,1,6,1,1,210,1,1,1
3,1,6,1,1,335,0,1,0
3,1,6,1,1,358,1,0,0
3,1,7,1,1,80,1,1,1
3,1,7,1,1,283,1,1,1
3,1,7,1,1,230,0,0,1
3,1,7,1,1,204,1,1,1
3,1,7,1,1,159,1,1,1
3,1,7,1,1,204,1,1,1
3,1,7,1,1,221,1,1,1
3,1,7,1,1,47,1,1,1
3,1,7,1,1,326,1,1,1
3,1,7,1,1,3,0,0,1
3,1,7,1,1,688,1,1,1
3,1,7,1,1,221,1,1,1
3,1,7,1,1,71,0,0,1
3,1,7,1,1,50,1,1,1
3,1,7,1,1,660,0,1,0
3,1,7,1,1,325,1,1,1
3,1,7,1,1,403,1,1,1
3,1,7,1,1,313,1,1,1
3,1,7,1,1,247,1,0,0
3,1,7,1,1,75,1,1,1
3,1,8,3,3,460,0,0,1
3,1,8,3,3,637,1,1,1
3,1,8,3,3,1036,1,1,1
3,1,8,3,3,769,1,1,1
3,1,8,3,3,497,1,0,0
3,1,8,3,3,716,0,0,1
3,1,8,3,3,457,1,1,1
3,1,8,3,3,686,1,1,1
3,1,8,3,3,403,0,0,1
3,1,8,3,3,430,1,1,1
3,1,8,3,3,1003,1,1,1
3,1,8,3,3,433,1,0,0
3,1,8,3,3,420,0,1,0
3,1,8,3,3,541,1,1,1
3,1,8,3,3,470,1,0,0
3,1,8,3,3,326,1,1,1
3,1,8,3,3,521,1,1,1
3,1,8,3,3,597,1,1,1
3,1,10,3,3,212,1,1,1
3,1,10,3,3,493,1,1,1
3,1,10,3,3,611,1,1,1
3,1,10,3,3,422,1,1,1
3,1,10,3,3,232,1,1,1
3,1,10,3,3,587,1,1,1
3,1,10,3,3,360,1,0,0
3,1,10,3,3,458,1,1,1
3,1,10,3,3,816,1,1,1
3,1,10,3,3,1067,0,1,0
3,1,10,3,3,824,0,1,0
3,1,10,3,3,196,0,0,1
3,1,10,3,3,823,1,1,1
3,1,10,3,3,1068,0,0,1
3,1,10,3,3,817,1,1,1
3,1,10,3,3,1186,1,0,0
3,1,10,3,3,539,1,0,0
3,1,10,3,3,727,1,1,1
3,1,10,3,3,840,0,1,0
3,1,11,1,1,2,0,0,1
3,1,11,1,1,166,1,1,1
3,1,11,1,1,285,1,1,1
3,1,11,1,1,57,0,0,1
3,1,11,1,1,625,1,1,1
3,1,11,1,1,250,1,1,1
3,1,11,1,1,229,0,0,1
3,1,11,1,1,304,1,1,1
3,1,11,1,1,1034,0,1,0
3,1,11,1,1,238,0,0,1
3,1,11,1,1,806,1,0,0
3,1,11,1,1,643,1,1,1
3,1,11,1,1,526,1,1,1
3,1,11,1,1,556,1,1,1
3,1,11,1,1,423,1,1,1
3,1,11,1,1,232,1,1,1
3,1,11,1,1,174,1,1,1
3,1,11,1,1,328,1,1,1
3,1,11,1,1,314,1,1,1
3,1,11,1,1,213,0,0,1
3,1,11,1,1,62,1,1,1
3,1,12,1,1,207,1,1,1
3,1,12,1,1,460,1,1,1
3,1,12,1,1,734,0,0,1
3,1,12,1,1,203,1,1,1
3,1,12,1,1,232,1,1,1
3,1,12,1,1,331,0,0,1
3,1,12,1,1,116,0,0,1
3,1,12,1,1,17,1,1,1
3,1,12,1,1,200,1,1,1
3,1,12,1,1,203,0,0,1
3,1,12,1,1,704,1,1,1
3,1,12,1,1,376,1,1,1
3,1,12,1,1,656,1,0,0
3,1,12,1,1,295,1,1,1
3,1,12,1,1,315,1,1,1
3,1,12,1,1,230,1,1,1
3,1,12,1,1,186,1,1,1
3,1,12,1,1,122,1,1,1
3,1,12,1,1,378,1,1,1
3,1,12,1,1,48,0,0,1
3,1,12,1,1,135,1,1,1
3,1,13,3,3,376,1,1,1
3,1,13,3,3,269,1,1,1
3,1,13,3,3,232,1,1,1
3,1,13,3,3,461,1,0,0
3,1,13,3,3,375,0,1,0
3,1,13,3,3,1002,0,1,0
3,1,13,3,3,506,1,0,0
3,1,13,3,3,787,0,1,0
3,1,13,3,3,808,1,1,1
3,1,13,3,3,927,1,1,1
3,1,13,3,3,853,1,1,1
3,1,13,3,3,621,1,1,1
3,1,13,3,3,520,1,1,1
3,1,13,3,3,290,0,0,1
3,1,13,3,3,1222,1,0,0
3,1,13,3,3,616,0,0,1
3,1,13,3,3,294,1,1,1
3,1,13,3,3,555,1,1,1
3,1,13,3,3,421,1,1,1
3,1,14,3,3,451,0,0,1
3,1,14,3,3,438,0,0,1
3,1,14,3,3,451,1,1,1
3,1,14,3,3,336,1,1,1
3,1,14,3,3,1014,1,1,1
3,1,14,3,3,610,1,1,1
3,1,14,3,3,358,1,0,0
3,1,14,3,3,673,1,1,1
3,1,14,3,3,541,1,1,1
3,1,14,3,3,579,1,1,1
3,1,14,3,3,277,0,0,1
3,1,14,3,3,735,0,0,1
3,1,14,3,3,260,1,1,1
3,1,14,3,3,367,1,1,1
3,1,14,3,3,1041,1,1,1
3,1,14,3,3,1177,0,1,0
3,1,14,3,3,1231,1,1,1
3,1,14,3,3,907,1,1,1
3,1,14,3,3,823,1,1,1
3,1,15,1,1,314,1,1,1
3,1,15,1,1,299,1,1,1
3,1,15,1,1,609,1,1,1
3,1,15,1,1,425,0,1,0
3,1,15,1,1,367,0,0,1
3,1,15,1,1,481,1,1,1
3,1,15,1,1,369,1,0,0
3,1,15,1,1,628,1,1,1
3,1,15,1,1,254,0,0,1
3,1,15,1,1,859,1,1,1
3,1,15,1,1,388,1,1,1
3,1,15,1,1,836,1,1,1
3,1,15,1,1,581,1,0,0
3,1,15,1,1,795,1,1,1
3,1,15,1,1,341,1,1,1
3,1,15,1,1,324,0,0,1
3,1,15,1,1,248,1,1,1
3,1,15,1,1,372,1,0,0
3,1,15,1,1,465,1,1,1
3,1,15,1,1,315,1,1,1
3,1,15,1,1,143,0,0,1
3,1,16,3,3,605,1,1,1
3,1,16,3,3,430,1,0,0
3,1,16,3,3,429,1,1,1
3,1,16,3,3,676,1,1,1
3,1,16,3,3,299,1,1,1
3,1,16,3,3,294,1,1,1
3,1,16,3,3,136,0,0,1
3,1,16,3,3,399,0,1,0
3,1,16,3,3,478,1,1,1
3,1,16,3,3,547,1,1,1
3,1,16,3,3,211,0,0,1
3,1,16,3,3,245,1,1,1
3,1,16,3,3,977,0,0,1
3,1,16,3,3,391,1,1,1
3,1,16,3,3,518,1,1,1
3,1,16,3,3,91,1,0,0
3,1,16,3,3,454,1,1,1
3,1,16,3,3,516,0,1,0
3,1,16,3,3,1017,1,1,1
3,1,17,1,1,279,1,1,1
3,1,17,1,1,277,1,1,1
3,1,17,1,1,1014,0,1,0
3,1,17,1,1,828,1,1,1
3,1,17,1,1,329,1,1,1
3,1,17,1,1,208,0,0,1
3,1,17,1,1,85,0,0,1
3,1,17,1,1,55,1,1,1
3,1,17,1,1,611,1,1,1
3,1,17,1,1,195,0,0,1
3,1,17,1,1,361,1,1,1
3,1,17,1,1,266,1,1,1
3,1,17,1,1,564,1,1,1
3,1,17,1,1,315,1,1,1
3,1,17,1,1,367,1,1,1
3,1,17,1,1,110,1,1,1
3,1,17,1,1,141,1,1,1
3,1,17,1,1,285,1,1,1
3,1,17,1,1,23,1,1,1
3,1,17,1,1,239,0,1,0
3,1,17,1,1,26,1,1,1
4,1,1,1,1,838,1,1,1
4,1,1,1,1,374,1,1,1
4,1,1,1,1,405,0,0,1
4,1,1,1,1,39,0,0,1
4,1,1,1,1,190,1,1,1
4,1,1,1,1,272,0,0,1
4,1,1,1,1,486,0,1,0
4,1,1,1,1,165,1,0,0
4,1,1,1,1,310,1,1,1
4,1,1,1,1,443,1,1,1
4,1,1,1,1,184,1,1,1
4,1,1,1,1,95,1,1,1
4,1,1,1,1,86,1,1,1
4,1,1,1,1,92,0,0,1
4,1,1,1,1,42,1,1,1
4,1,1,1,1,94,1,1,1
4,1,1,1,1,378,1,1,1
4,1,1,1,1,162,1,1,1
4,1,1,1,1,444,1,1,1
4,1,1,1,1,310,1,1,1
4,1,1,1,1,442,1,1,1
4,1,2,3,3,225,1,1,1
4,1,2,3,3,377,1,1,1
4,1,2,3,3,1182,1,1,1
4,1,2,3,3,1073,0,1,0
4,1,2,3,3,414,1,0,0
4,1,2,3,3,913,0,1,0
4,1,2,3,3,677,0,0,1
4,1,2,3,3,691,0,1,0
4,1,2,3,3,565,1,1,1
4,1,2,3,3,762,1,1,1
4,1,2,3,3,499,1,1,1
4,1,2,3,3,271,1,1,1
4,1,2,3,3,969,0,0,1
4,1,2,3,3,410,1,1,1
4,1,2,3,3,957,1,0,0
4,1,2,3,3,266,1,1,1
4,1,2,3,3,867,1,1,1
4,1,2,3,3,523,1,0,0
4,1,2,3,3,1167,1,0,0
4,1,3,3,3,219,1,1,1
4,1,3,3,3,14,1,0,0
4,1,3,3,3,827,0,0,1
4,1,3,3,3,295,1,1,1
4,1,3,3,3,272,1,0,0
4,1,3,3,3,291,1,1,1
4,1,3,3,3,970,1,0,0
4,1,3,3,3,290,1,1,1
4,1,3,3,3,350,1,1,1
4,1,3,3,3,281,1,0,0
4,1,3,3,3,446,0,0,1
4,1,3,3,3,177,1,1,1
4,1,3,3,3,536,0,0,1
4,1,3,3,3,158,1,1,1
4,1,3,3,3,353,0,0,1
4,1,3,3,3,254,1,1,1
4,1,3,3,3,176,1,1,1
4,1,3,3,3,1078,1,1,1
4,1,4,1,1,1484,1,1,1
4,1,4,1,1,342,1,1,1
4,1,4,1,1,592,1,1,1
4,1,4,1,1,305,1,1,1
4,1,4,1,1,963,1,1,1
4,1,4,1,1,389,1,1,1
4,1,4,1,1,293,1,1,1
4,1,4,1,1,426,0,1,0
4,1,4,1,1,281,1,1,1
4,1,4,1,1,58,0,0,1
4,1,4,1,1,234,1,1,1
4,1,4,1,1,372,0,0,1
4,1,4,1,1,89,1,1,1
4,1,4,1,1,434,1,1,1
4,1,4,1,1,471,1,1,1
4,1,4,1,1,101,1,1,1
4,1,4,1,1,95,0,0,1
4,1,4,1,1,98,1,1,1
4,1,4,1,1,273,0,0,1
4,1,4,1,1,124,1,1,1
4,1,4,1,1,431,1,1,1
4,1,5,3,3,754,1,0,0
4,1,5,3,3,871,1,1,1
4,1,5,3,3,379,1,1,1
4,1,5,3,3,919,0,0,1
4,1,5,3,3,193,1,0,0
4,1,5,3,3,748,1,1,1
4,1,5,3,3,1110,1,0,0
4,1,5,3,3,486,1,0,0
4,1,5,3,3,795,0,0,1
4,1,5,3,3,710,1,1,1
4,1,5,3,3,262,1,0,0
4,1,5,3,3,345,0,1,0
4,1,5,3,3,426,1,1,1
4,1,5,3,3,270,0,0,1
4,1,5,3,3,480,0,0,1
4,1,5,3,3,359,1,0,0
4,1,5,3,3,204,1,1,1
4,1,5,3,3,824,1,0,0
4,1,6,1,1,624,1,0,0
4,1,6,1,1,388,1,0,0
4,1,6,1,1,29,1,1,1
4,1,6,1,1,633,0,0,1
4,1,6,1,1,206,0,0,1
4,1,6,1,1,304,1,1,1
4,1,6,1,1,482,1,1,1
4,1,6,1,1,378,1,1,1
4,1,6,1,1,476,0,0,1
4,1,6,1,1,232,1,1,1
4,1,6,1,1,241,1,1,1
4,1,6,1,1,453,1,1,1
4,1,6,1,1,81,0,0,1
4,1,6,1,1,361,1,1,1
4,1,6,1,1,168,1,1,1
4,1,6,1,1,470,0,1,0
4,1,7,1,1,753,1,1,1
4,1,7,1,1,17,1,1,1
4,1,7,1,1,465,0,0,1
4,1,7,1,1,156,1,1,1
4,1,7,1,1,200,1,1,1
4,1,7,1,1,372,1,1,1
4,1,7,1,1,465,1,1,1
4,1,7,1,1,448,1,1,1
4,1,7,1,1,402,1,1,1
4,1,7,1,1,161,0,0,1
4,1,7,1,1,185,1,1,1
4,1,7,1,1,33,1,1,1
4,1,7,1,1,17,0,0,1
4,1,7,1,1,31,0,0,1
4,1,7,1,1,465,1,1,1
4,1,7,1,1,452,0,0,1
4,1,7,1,1,251,1,1,1
4,1,7,1,1,154,1,1,1
4,1,7,1,1,240,1,1,1
4,1,7,1,1,447,1,1,1
4,1,7,1,1,428,1,1,1
4,1,8,3,3,303,0,0,1
4,1,8,3,3,213,0,0,1
4,1,8,3,3,151,1,1,1
4,1,8,3,3,431,1,1,1
4,1,8,3,3,211,1,1,1
4,1,8,3,3,472,1,0,0
4,1,8,3,3,955,0,0,1
4,1,8,3,3,202,1,1,1
4,1,8,3,3,432,1,1,1
4,1,8,3,3,317,0,0,1
4,1,8,3,3,602,1,0,0
4,1,8,3,3,295,1,1,1
4,1,8,3,3,376,1,0,0
4,1,8,3,3,381,0,0,1
4,1,8,3,3,353,1,1,1
4,1,8,3,3,236,1,0,0
4,1,8,3,3,345,1,1,1
4,1,8,3,3,685,1,1,1
4,1,8,3,3,364,1,1,1
4,1,10,3,3,2,1,1,1
4,1,10,3,3,109,1,1,1
4,1,10,3,3,118,1,1,1
4,1,10,3,3,165,1,1,1
4,1,10,3,3,674,1,1,1
4,1,10,3,3,1200,1,0,0
4,1,10,3,3,458,1,1,1
4,1,10,3,3,389,1,1,1
4,1,10,3,3,1190,1,0,0
4,1,10,3,3,1232,0,0,1
4,1,10,3,3,984,0,1,0
4,1,10,3,3,342,0,0,1
4,1,10,3,3,255,1,1,1
4,1,10,3,3,702,0,0,1
4,1,10,3,3,608,1,0,0
4,1,10,3,3,372,1,1,1
4,1,10,3,3,452,1,1,1
4,1,10,3,3,557,0,0,1
4,1,11,1,1,29,0,0,1
4,1,11,1,1,34,1,1,1
4,1,11,1,1,431,1,1,1
4,1,11,1,1,471,0,0,1
4,1,11,1,1,367,1,1,1
4,1,11,1,1,112,1,0,0
4,1,11,1,1,408,0,0,1
4,1,11,1,1,417,1,1,1
4,1,11,1,1,438,0,0,1
4,1,11,1,1,6,0,0,1
4,1,11,1,1,242,1,1,1
4,1,11,1,1,472,1,1,1
4,1,11,1,1,453,1,1,1
4,1,11,1,1,23,1,1,1
4,1,11,1,1,110,1,1,1
4,1,11,1,1,107,1,1,1
4,1,11,1,1,134,1,1,1
4,1,11,1,1,308,1,1,1
4,1,11,1,1,425,1,1,1
4,1,11,1,1,362,0,0,1
4,1,11,1,1,304,1,1,1
4,1,12,1,1,62,1,1,1
4,1,12,1,1,459,0,0,1
4,1,12,1,1,37,1,1,1
4,1,12,1,1,443,1,1,1
4,1,12,1,1,76,0,0,1
4,1,12,1,1,4,0,0,1
4,1,12,1,1,21,1,1,1
4,1,12,1,1,57,1,1,1
4,1,12,1,1,402,0,0,1
4,1,12,1,1,191,1,1,1
4,1,12,1,1,454,1,1,1
4,1,12,1,1,404,1,1,1
4,1,12,1,1,488,1,1,1
4,1,12,1,1,372,1,1,1
4,1,12,1,1,166,1,1,1
4,1,12,1,1,368,1,1,1
4,1,12,1,1,471,1,1,1
4,1,12,1,1,146,1,1,1
4,1,12,1,1,444,0,0,1
4,1,12,1,1,171,1,1,1
4,1,13,3,3,265,1,1,1
4,1,13,3,3,342,1,1,1
4,1,13,3,3,209,1,1,1
4,1,13,3,3,428,1,0,0
4,1,13,3,3,486,0,0,1
4,1,13,3,3,578,0,0,1
4,1,13,3,3,567,1,1,1
4,1,13,3,3,988,0,0,1
4,1,13,3,3,615,1,0,0
4,1,13,3,3,224,1,1,1
4,1,13,3,3,330,1,1,1
4,1,13,3,3,294,1,0,0
4,1,13,3,3,304,1,1,1
4,1,13,3,3,797,0,0,1
4,1,13,3,3,179,1,0,0
4,1,13,3,3,549,0,1,0
4,1,13,3,3,444,1,1,1
4,1,13,3,3,291,1,1,1
4,1,13,3,3,242,1,1,1
4,1,14,3,3,457,0,0,1
4,1,14,3,3,306,0,0,1
4,1,14,3,3,311,1,1,1
4,1,14,3,3,233,1,1,1
4,1,14,3,3,249,1,1,1
4,1,14,3,3,86,1,1,1
4,1,14,3,3,984,1,0,0
4,1,14,3,3,708,1,0,0
4,1,14,3,3,354,1,1,1
4,1,14,3,3,65,1,1,1
4,1,14,3,3,500,0,1,0
4,1,14,3,3,454,1,0,0
4,1,14,3,3,579,1,1,1
4,1,14,3,3,373,1,1,1
4,1,14,3,3,279,0,0,1
4,1,14,3,3,5,1,1,1
4,1,14,3,3,169,1,1,1
4,1,14,3,3,376,1,1,1
4,1,15,1,1,414,1,1,1
4,1,15,1,1,748,1,1,1
4,1,15,1,1,190,0,0,1
4,1,15,1,1,202,0,0,1
4,1,15,1,1,494,1,1,1
4,1,15,1,1,34,1,0,0
4,1,15,1,1,461,1,1,1
4,1,15,1,1,380,0,0,1
4,1,15,1,1,447,1,1,1
4,1,15,1,1,420,1,1,1
4,1,15,1,1,168,1,1,1
4,1,15,1,1,494,1,1,1
4,1,15,1,1,318,1,1,1
4,1,15,1,1,198,0,1,0
4,1,15,1,1,307,1,1,1
4,1,15,1,1,622,1,1,1
4,1,15,1,1,463,1,1,1
4,1,15,1,1,366,1,1,1
4,1,15,1,1,225,0,0,1
4,1,16,3,3,110,1,1,1
4,1,16,3,3,26,1,0,0
4,1,16,3,3,227,1,0,0
4,1,16,3,3,369,1,1,1
4,1,16,3,3,287,1,0,0
4,1,16,3,3,697,1,1,1
4,1,16,3,3,874,0,1,0
4,1,16,3,3,1111,0,1,0
4,1,16,3,3,539,1,1,1
4,1,16,3,3,542,1,1,1
4,1,16,3,3,458,0,1,0
4,1,16,3,3,1205,1,1,1
4,1,16,3,3,562,0,1,0
4,1,16,3,3,275,1,0,0
4,1,16,3,3,279,1,1,1
4,1,16,3,3,203,1,0,0
4,1,16,3,3,408,1,0,0
4,1,16,3,3,195,0,0,1
4,1,16,3,3,370,1,1,1
4,1,17,1,1,100,1,1,1
4,1,17,1,1,36,0,0,1
4,1,17,1,1,403,1,1,1
4,1,17,1,1,226,1,1,1
4,1,17,1,1,401,0,0,1
4,1,17,1,1,478,0,0,1
4,1,17,1,1,457,1,1,1
4,1,17,1,1,428,1,1,1
4,1,17,1,1,32,0,0,1
4,1,17,1,1,23,1,1,1
4,1,17,1,1,236,1,1,1
4,1,17,1,1,404,1,1,1
4,1,17,1,1,446,1,1,1
4,1,17,1,1,475,1,1,1
4,1,17,1,1,370,1,1,1
4,1,17,1,1,432,1,1,1
4,1,17,1,1,414,1,1,1
4,1,17,1,1,384,1,1,1
4,1,17,1,1,377,0,0,1
4,1,17,1,1,459,1,1,1
6,1,1,1,1,433,1,1,1
6,1,1,1,1,395,1,1,1
6,1,1,1,1,36,0,0,1
6,1,1,1,1,453,0,0,1
6,1,1,1,1,437,1,1,1
6,1,1,1,1,24,0,1,0
6,1,1,1,1,437,0,0,1
6,1,1,1,1,109,1,1,1
6,1,1,1,1,304,1,1,1
6,1,1,1,1,444,1,1,1
6,1,1,1,1,328,1,1,1
6,1,1,1,1,437,0,0,1
6,1,1,1,1,446,1,1,1
6,1,1,1,1,453,1,1,1
6,1,1,1,1,455,1,1,1
6,1,1,1,1,357,1,1,1
6,1,1,1,1,379,1,1,1
6,1,1,1,1,360,1,1,1
6,1,1,1,1,227,1,1,1
6,1,2,3,3,267,1,1,1
6,1,2,3,3,495,1,1,1
6,1,2,3,3,284,1,1,1
6,1,2,3,3,329,0,1,0
6,1,2,3,3,14,1,1,1
6,1,2,3,3,406,0,0,1
6,1,2,3,3,254,0,1,0
6,1,2,3,3,426,1,1,1
6,1,2,3,3,193,1,1,1
6,1,2,3,3,460,1,1,1
6,1,2,3,3,288,0,0,1
6,1,2,3,3,230,1,1,1
6,1,2,3,3,488,1,1,1
6,1,2,3,3,338,1,1,1
6,1,2,3,3,319,1,1,1
6,1,2,3,3,31,1,0,0
6,1,3,3,3,415,1,1,1
6,1,3,3,3,187,1,0,0
6,1,3,3,3,52,0,1,0
6,1,3,3,3,218,1,1,1
6,1,3,3,3,15,1,1,1
6,1,3,3,3,370,1,1,1
6,1,3,3,3,462,1,1,1
6,1,3,3,3,419,1,1,1
6,1,3,3,3,160,0,0,1
6,1,3,3,3,112,1,1,1
6,1,3,3,3,112,0,1,0
6,1,3,3,3,345,1,1,1
6,1,3,3,3,44,0,0,1
6,1,3,3,3,190,0,1,0
6,1,3,3,3,431,1,1,1
6,1,3,3,3,391,1,1,1
6,1,3,3,3,328,1,1,1
6,1,4,1,1,297,1,1,1
6,1,4,1,1,268,1,1,1
6,1,4,1,1,159,1,1,1
6,1,4,1,1,193,1,1,1
6,1,4,1,1,176,1,1,1
6,1,4,1,1,168,1,1,1
6,1,4,1,1,363,1,1,1
6,1,4,1,1,272,0,1,0
6,1,4,1,1,298,1,1,1
6,1,4,1,1,430,0,0,1
6,1,4,1,1,211,1,1,1
6,1,4,1,1,368,0,0,1
6,1,4,1,1,314,1,1,1
6,1,4,1,1,444,1,1,1
6,1,4,1,1,313,1,1,1
6,1,4,1,1,302,1,1,1
6,1,4,1,1,220,0,1,0
6,1,4,1,1,346,1,1,1
6,1,4,1,1,250,0,1,0
6,1,4,1,1,309,1,1,1
6,1,4,1,1,317,1,1,1
6,1,5,3,3,323,1,1,1
6,1,5,3,3,444,1,1,1
6,1,5,3,3,336,1,1,1
6,1,5,3,3,488,0,0,1
6,1,5,3,3,426,1,1,1
6,1,5,3,3,150,1,1,1
6,1,5,3,3,11,1,1,1
6,1,5,3,3,412,1,1,1
6,1,5,3,3,447,1,1,1
6,1,5,3,3,493,0,1,0
6,1,5,3,3,375,1,1,1
6,1,5,3,3,346,1,0,0
6,1,5,3,3,348,0,1,0
6,1,5,3,3,406,1,1,1
6,1,5,3,3,67,0,1,0
6,1,5,3,3,478,0,0,1
6,1,5,3,3,451,1,1,1
6,1,5,3,3,214,1,1,1
6,1,5,3,3,211,1,1,1
6,1,6,1,1,295,1,1,1
6,1,6,1,1,352,1,1,1
6,1,6,1,1,209,1,1,1
6,1,6,1,1,223,0,1,0
6,1,6,1,1,433,0,0,1
6,1,6,1,1,227,1,1,1
6,1,6,1,1,352,1,1,1
6,1,6,1,1,233,1,1,1
6,1,6,1,1,266,1,1,1
6,1,6,1,1,321,0,0,1
6,1,6,1,1,198,1,1,1
6,1,6,1,1,257,1,1,1
6,1,6,1,1,301,1,1,1
6,1,6,1,1,356,1,1,1
6,1,6,1,1,302,1,1,1
6,1,6,1,1,210,1,1,1
6,1,6,1,1,412,0,0,1
6,1,6,1,1,225,1,1,1
6,1,6,1,1,248,1,1,1
6,1,6,1,1,158,0,1,0
6,1,6,1,1,265,1,1,1
6,1,7,1,1,293,1,1,1
6,1,7,1,1,238,1,1,1
6,1,7,1,1,340,0,0,1
6,1,7,1,1,264,1,1,1
6,1,7,1,1,244,1,1,1
6,1,7,1,1,211,1,1,1
6,1,7,1,1,83,1,1,1
6,1,7,1,1,159,1,1,1
6,1,7,1,1,459,0,0,1
6,1,7,1,1,362,1,1,1
6,1,7,1,1,382,1,1,1
6,1,7,1,1,366,0,0,1
6,1,7,1,1,375,0,0,1
6,1,7,1,1,401,1,1,1
6,1,7,1,1,299,0,1,0
6,1,7,1,1,479,1,1,1
6,1,7,1,1,330,1,1,1
6,1,7,1,1,216,1,1,1
6,1,7,1,1,236,1,1,1
6,1,7,1,1,243,1,1,1
6,1,8,3,3,297,0,0,1
6,1,8,3,3,365,0,0,1
6,1,8,3,3,412,1,1,1
6,1,8,3,3,400,1,1,1
6,1,8,3,3,652,0,0,1
6,1,8,3,3,470,1,1,1
6,1,8,3,3,328,1,1,1
6,1,8,3,3,224,1,1,1
6,1,8,3,3,361,1,1,1
6,1,8,3,3,5,0,0,1
6,1,8,3,3,433,1,1,1
6,1,8,3,3,115,1,0,0
6,1,8,3,3,82,1,1,1
6,1,8,3,3,7,1,1,1
6,1,8,3,3,171,1,1,1
6,1,10,3,3,379,1,1,1
6,1,10,3,3,289,1,1,1
6,1,10,3,3,313,1,1,1
6,1,10,3,3,476,1,1,1
6,1,10,3,3,412,1,1,1
6,1,10,3,3,33,1,0,0
6,1,10,3,3,415,1,1,1
6,1,10,3,3,371,1,1,1
6,1,10,3,3,486,1,0,0
6,1,10,3,3,489,0,0,1
6,1,10,3,3,419,0,1,0
6,1,10,3,3,201,0,1,0
6,1,10,3,3,227,1,1,1
6,1,10,3,3,425,1,0,0
6,1,10,3,3,24,1,1,1
6,1,10,3,3,213,1,1,1
6,1,10,3,3,314,0,1,0
6,1,11,1,1,346,1,1,1
6,1,11,1,1,237,0,1,0
6,1,11,1,1,455,1,1,1
6,1,11,1,1,348,1,1,1
6,1,11,1,1,273,0,1,0
6,1,11,1,1,286,1,1,1
6,1,11,1,1,30,0,0,1
6,1,11,1,1,422,0,1,0
6,1,11,1,1,391,1,1,1
6,1,11,1,1,374,1,1,1
6,1,11,1,1,374,1,1,1
6,1,11,1,1,308,1,1,1
6,1,11,1,1,368,1,1,1
6,1,11,1,1,338,1,1,1
6,1,11,1,1,300,1,1,1
6,1,11,1,1,452,1,0,0
6,1,11,1,1,45,1,1,1
6,1,11,1,1,291,0,1,0
6,1,11,1,1,385,1,1,1
6,1,12,1,1,314,1,1,1
6,1,12,1,1,192,0,1,0
6,1,12,1,1,285,1,1,1
6,1,12,1,1,271,1,1,1
6,1,12,1,1,363,0,0,1
6,1,12,1,1,177,0,1,0
6,1,12,1,1,441,1,1,1
6,1,12,1,1,305,1,1,1
6,1,12,1,1,448,0,0,1
6,1,12,1,1,225,1,1,1
6,1,12,1,1,257,1,1,1
6,1,12,1,1,322,1,0,0
6,1,12,1,1,434,1,1,1
6,1,12,1,1,267,1,1,1
6,1,12,1,1,266,1,1,1
6,1,12,1,1,244,1,1,1
6,1,12,1,1,188,1,1,1
6,1,12,1,1,195,1,1,1
6,1,12,1,1,285,0,0,1
6,1,12,1,1,196,1,1,1
6,1,13,3,3,250,1,1,1
6,1,13,3,3,291,1,1,1
6,1,13,3,3,279,1,0,0
6,1,13,3,3,143,0,0,1
6,1,13,3,3,466,0,0,1
6,1,13,3,3,17,1,1,1
6,1,13,3,3,86,0,0,1
6,1,13,3,3,214,1,1,1
6,1,13,3,3,456,1,1,1
6,1,13,3,3,323,1,1,1
6,1,13,3,3,341,1,1,1
6,1,13,3,3,469,0,0,1
6,1,13,3,3,33,0,1,0
6,1,13,3,3,170,1,1,1
6,1,13,3,3,82,1,1,1
6,1,13,3,3,118,1,1,1
6,1,14,3,3,16,0,0,1
6,1,14,3,3,458,0,1,0
6,1,14,3,3,201,1,1,1
6,1,14,3,3,14,1,1,1
6,1,14,3,3,451,1,1,1
6,1,14,3,3,371,1,1,1
6,1,14,3,3,269,1,1,1
6,1,14,3,3,436,0,0,1
6,1,14,3,3,344,1,1,1
6,1,14,3,3,384,1,1,1
6,1,14,3,3,97,0,0,1
6,1,14,3,3,466,1,1,1
6,1,14,3,3,56,1,1,1
6,1,15,1,1,345,1,1,1
6,1,15,1,1,253,1,1,1
6,1,15,1,1,257,1,1,1
6,1,15,1,1,267,0,1,0
6,1,15,1,1,439,0,0,1
6,1,15,1,1,315,1,1,1
6,1,15,1,1,343,1,0,0
6,1,15,1,1,338,1,1,1
6,1,15,1,1,304,0,1,0
6,1,15,1,1,385,1,1,1
6,1,15,1,1,350,1,1,1
6,1,15,1,1,317,1,1,1
6,1,15,1,1,71,1,1,1
6,1,15,1,1,371,1,1,1
6,1,15,1,1,356,1,1,1
6,1,15,1,1,362,0,0,1
6,1,15,1,1,311,1,1,1
6,1,15,1,1,334,1,1,1
6,1,15,1,1,368,1,1,1
6,1,15,1,1,367,1,1,1
6,1,15,1,1,382,0,0,1
6,1,16,3,3,144,1,1,1
6,1,16,3,3,198,1,1,1
6,1,16,3,3,355,1,1,1
6,1,16,3,3,309,1,1,1
6,1,16,3,3,247,1,1,1
6,1,16,3,3,322,1,1,1
6,1,16,3,3,11,0,0,1
6,1,16,3,3,374,0,1,0
6,1,16,3,3,419,1,1,1
6,1,16,3,3,319,1,1,1
6,1,16,3,3,367,0,0,1
6,1,16,3,3,224,1,1,1
6,1,16,3,3,226,0,0,1
6,1,16,3,3,55,1,1,1
6,1,16,3,3,455,1,1,1
6,1,16,3,3,471,1,1,1
6,1,16,3,3,20,1,1,1
6,1,16,3,3,341,0,1,0
6,1,16,3,3,403,1,1,1
6,1,17,1,1,365,1,1,1
6,1,17,1,1,239,1,1,1
6,1,17,1,1,311,0,0,1
6,1,17,1,1,235,1,1,1
6,1,17,1,1,251,1,1,1
6,1,17,1,1,321,0,0,1
6,1,17,1,1,309,0,0,1
6,1,17,1,1,349,1,1,1
6,1,17,1,1,378,1,1,1
6,1,17,1,1,417,0,0,1
6,1,17,1,1,149,1,1,1
6,1,17,1,1,231,1,1,1
6,1,17,1,1,241,1,1,1
6,1,17,1,1,274,1,1,1
6,1,17,1,1,230,1,1,1
6,1,17,1,1,258,1,1,1
6,1,17,1,1,321,1,1,1
6,1,17,1,1,228,1,1,1
6,1,17,1,1,191,0,1,0
6,1,17,1,1,189,1,1,1
8,1,1,1,1,1143,1,0,0
8,1,1,1,1,143,0,1,0
8,1,1,1,1,110,0,0,1
8,1,1,1,1,1464,1,1,1
8,1,1,1,1,1133,0,1,0
8,1,1,1,1,897,0,1,0
8,1,1,1,1,456,1,1,1
8,1,1,1,1,97,1,1,1
8,1,1,1,1,82,1,1,1
8,1,1,1,1,415,1,1,1
8,1,1,1,1,383,1,1,1
8,1,1,1,1,415,1,1,1
8,1,1,1,1,69,0,0,1
8,1,1,1,1,166,1,1,1
8,1,1,1,1,589,1,0,0
8,1,1,1,1,812,1,1,1
8,1,1,1,1,1013,1,1,1
8,1,1,1,1,780,1,1,1
8,1,1,1,1,569,1,1,1
8,1,1,1,1,399,1,1,1
8,1,2,3,3,109,1,0,0
8,1,2,3,3,524,1,1,1
8,1,2,3,3,1264,0,1,0
8,1,2,3,3,1165,1,0,0
8,1,2,3,3,558,0,1,0
8,1,2,3,3,866,0,1,0
8,1,2,3,3,453,0,0,1
8,1,2,3,3,942,1,1,1
8,1,2,3,3,1287,1,0,0
8,1,2,3,3,890,1,1,1
8,1,2,3,3,56,0,0,1
8,1,2,3,3,672,1,1,1
8,1,2,3,3,484,1,1,1
8,1,2,3,3,130,1,0,0
8,1,2,3,3,329,1,1,1
8,1,3,3,3,522,1,1,1
8,1,3,3,3,825,1,0,0
8,1,3,3,3,1047,0,0,1
8,1,3,3,3,1297,1,1,1
8,1,3,3,3,777,1,1,1
8,1,3,3,3,1218,1,1,1
8,1,3,3,3,1362,1,0,0
8,1,3,3,3,666,1,1,1
8,1,3,3,3,483,1,1,1
8,1,3,3,3,768,1,0,0
8,1,3,3,3,488,0,1,0
8,1,3,3,3,96,0,1,0
8,1,3,3,3,79,1,0,0
8,1,3,3,3,438,0,1,0
8,1,3,3,3,334,0,0,1
8,1,3,3,3,547,1,1,1
8,1,3,3,3,652,1,1,1
8,1,3,3,3,1003,1,1,1
8,1,4,1,1,342,1,1,1
8,1,4,1,1,343,1,1,1
8,1,4,1,1,117,1,1,1
8,1,4,1,1,460,1,1,1
8,1,4,1,1,484,1,1,1
8,1,4,1,1,435,1,1,1
8,1,4,1,1,127,1,1,1
8,1,4,1,1,9,0,0,1
8,1,4,1,1,244,1,1,1
8,1,4,1,1,454,0,0,1
8,1,4,1,1,396,1,1,1
8,1,4,1,1,249,0,0,1
8,1,4,1,1,318,1,1,1
8,1,4,1,1,244,0,1,0
8,1,4,1,1,179,1,1,1
8,1,4,1,1,496,0,0,1
8,1,4,1,1,820,1,1,1
8,1,4,1,1,402,1,1,1
8,1,5,3,3,205,1,1,1
8,1,5,3,3,384,1,1,1
8,1,5,3,3,371,1,1,1
8,1,5,3,3,256,0,0,1
8,1,5,3,3,364,1,1,1
8,1,5,3,3,951,1,1,1
8,1,5,3,3,461,1,1,1
8,1,5,3,3,1021,1,1,1
8,1,5,3,3,288,0,1,0
8,1,5,3,3,162,1,1,1
8,1,5,3,3,1053,1,1,1
8,1,5,3,3,441,0,0,1
8,1,5,3,3,233,1,0,0
8,1,5,3,3,1100,0,1,0
8,1,5,3,3,115,1,0,0
8,1,5,3,3,204,1,1,1
8,1,5,3,3,77,1,1,1
8,1,6,1,1,84,1,1,1
8,1,6,1,1,194,1,1,1
8,1,6,1,1,90,1,1,1
8,1,6,1,1,348,0,0,1
8,1,6,1,1,292,0,0,1
8,1,6,1,1,172,1,1,1
8,1,6,1,1,77,1,1,1
8,1,6,1,1,765,1,1,1
8,1,6,1,1,309,1,1,1
8,1,6,1,1,248,0,0,1
8,1,6,1,1,363,1,1,1
8,1,6,1,1,1117,1,1,1
8,1,6,1,1,879,1,1,1
8,1,6,1,1,427,1,1,1
8,1,6,1,1,244,1,1,1
8,1,6,1,1,142,0,0,1
8,1,6,1,1,578,1,1,1
8,1,6,1,1,275,1,1,1
8,1,6,1,1,461,0,1,0
8,1,6,1,1,567,1,1,1
8,1,7,1,1,638,1,1,1
8,1,7,1,1,281,1,1,1
8,1,7,1,1,619,0,1,0
8,1,7,1,1,808,1,1,1
8,1,7,1,1,227,1,1,1
8,1,7,1,1,294,1,1,1
8,1,7,1,1,210,1,1,1
8,1,7,1,1,77,1,1,1
8,1,7,1,1,623,1,0,0
8,1,7,1,1,352,0,0,1
8,1,7,1,1,189,1,1,1
8,1,7,1,1,884,1,1,1
8,1,7,1,1,452,0,0,1
8,1,7,1,1,298,0,0,1
8,1,7,1,1,311,1,1,1
8,1,7,1,1,225,0,0,1
8,1,7,1,1,99,1,1,1
8,1,7,1,1,474,1,1,1
8,1,7,1,1,841,1,1,1
8,1,7,1,1,509,1,1,1
8,1,7,1,1,268,1,1,1
8,1,8,3,3,257,0,0,1
8,1,8,3,3,774,0,0,1
8,1,8,3,3,353,1,1,1
8,1,8,3,3,591,1,1,1
8,1,8,3,3,390,1,1,1
8,1,8,3,3,1062,1,0,0
8,1,8,3,3,1269,0,1,0
8,1,8,3,3,671,1,1,1
8,1,8,3,3,354,1,1,1
8,1,8,3,3,950,0,0,1
8,1,8,3,3,1013,1,1,1
8,1,8,3,3,711,1,1,1
8,1,8,3,3,800,1,0,0
8,1,8,3,3,1325,0,0,1
8,1,8,3,3,280,1,1,1
8,1,8,3,3,400,1,0,0
8,1,8,3,3,13,1,1,1
8,1,8,3,3,506,1,1,1
8,1,8,3,3,1019,1,1,1
8,1,10,3,3,590,1,1,1
8,1,10,3,3,374,1,1,1
8,1,10,3,3,551,1,1,1
8,1,10,3,3,453,1,1,1
8,1,10,3,3,291,1,1,1
8,1,10,3,3,80,1,0,0
8,1,10,3,3,560,1,1,1
8,1,10,3,3,439,1,1,1
8,1,10,3,3,929,1,0,0
8,1,10,3,3,676,0,1,0
8,1,10,3,3,387,0,0,1
8,1,10,3,3,789,1,1,1
8,1,10,3,3,513,0,0,1
8,1,10,3,3,568,1,1,1
8,1,10,3,3,485,1,0,0
8,1,10,3,3,1317,1,1,1
8,1,10,3,3,347,0,1,0
8,1,11,1,1,198,0,0,1
8,1,11,1,1,191,1,1,1
8,1,11,1,1,171,1,1,1
8,1,11,1,1,126,0,0,1
8,1,11,1,1,523,1,1,1
8,1,11,1,1,363,1,1,1
8,1,11,1,1,317,0,0,1
8,1,11,1,1,558,1,1,1
8,1,11,1,1,335,0,0,1
8,1,11,1,1,281,0,0,1
8,1,11,1,1,193,1,1,1
8,1,11,1,1,355,1,1,1
8,1,11,1,1,286,1,1,1
8,1,11,1,1,334,1,1,1
8,1,11,1,1,116,1,1,1
8,1,11,1,1,371,1,1,1
8,1,11,1,1,642,1,1,1
8,1,11,1,1,775,1,1,1
8,1,11,1,1,614,1,1,1
8,1,11,1,1,427,0,0,1
8,1,11,1,1,137,1,1,1
8,1,12,1,1,276,1,1,1
8,1,12,1,1,252,1,1,1
8,1,12,1,1,236,0,0,1
8,1,12,1,1,299,1,1,1
8,1,12,1,1,423,1,1,1
8,1,12,1,1,488,0,0,1
8,1,12,1,1,431,0,0,1
8,1,12,1,1,302,1,1,1
8,1,12,1,1,274,1,1,1
8,1,12,1,1,180,0,0,1
8,1,12,1,1,344,1,1,1
8,1,12,1,1,705,1,1,1
8,1,12,1,1,874,1,1,1
8,1,12,1,1,1206,1,1,1
8,1,12,1,1,734,1,1,1
8,1,12,1,1,197,1,1,1
8,1,12,1,1,171,1,1,1
8,1,12,1,1,50,1,1,1
8,1,12,1,1,757,1,1,1
8,1,12,1,1,183,0,0,1
8,1,12,1,1,1013,1,1,1
8,1,13,3,3,208,1,1,1
8,1,13,3,3,176,1,1,1
8,1,13,3,3,962,1,0,0
8,1,13,3,3,67,0,1,0
8,1,13,3,3,367,1,1,1
8,1,13,3,3,167,0,0,1
8,1,13,3,3,282,1,0,0
8,1,13,3,3,135,1,1,1
8,1,13,3,3,643,1,1,1
8,1,13,3,3,772,1,1,1
8,1,13,3,3,234,1,0,0
8,1,13,3,3,478,0,0,1
8,1,13,3,3,334,1,1,1
8,1,13,3,3,306,0,0,1
8,1,13,3,3,464,1,1,1
8,1,13,3,3,731,1,1,1
8,1,13,3,3,917,1,1,1
8,1,14,3,3,370,0,0,1
8,1,14,3,3,632,0,0,1
8,1,14,3,3,425,1,1,1
8,1,14,3,3,375,1,1,1
8,1,14,3,3,322,1,1,1
8,1,14,3,3,673,1,1,1
8,1,14,3,3,1089,1,0,0
8,1,14,3,3,443,1,0,0
8,1,14,3,3,817,1,1,1
8,1,14,3,3,310,1,1,1
8,1,14,3,3,428,0,0,1
8,1,14,3,3,588,0,0,1
8,1,14,3,3,482,1,1,1
8,1,14,3,3,1314,1,1,1
8,1,14,3,3,706,1,1,1
8,1,14,3,3,374,0,0,1
8,1,14,3,3,651,1,1,1
8,1,14,3,3,243,1,1,1
8,1,14,3,3,513,1,1,1
8,1,15,1,1,486,1,1,1
8,1,15,1,1,37,1,1,1
8,1,15,1,1,268,1,1,1
8,1,15,1,1,190,0,0,1
8,1,15,1,1,353,0,0,1
8,1,15,1,1,75,1,1,1
8,1,15,1,1,366,1,0,0
8,1,15,1,1,246,1,1,1
8,1,15,1,1,249,0,0,1
8,1,15,1,1,333,1,1,1
8,1,15,1,1,447,1,1,1
8,1,15,1,1,286,1,1,1
8,1,15,1,1,299,1,1,1
8,1,15,1,1,318,1,1,1
8,1,15,1,1,320,1,1,1
8,1,15,1,1,281,0,0,1
8,1,15,1,1,950,1,1,1
8,1,15,1,1,975,1,1,1
8,1,15,1,1,461,1,1,1
8,1,15,1,1,169,0,0,1
8,1,16,3,3,167,1,1,1
8,1,16,3,3,161,1,0,0
8,1,16,3,3,326,1,0,0
8,1,16,3,3,199,1,1,1
8,1,16,3,3,1270,1,1,1
8,1,16,3,3,216,0,1,0
8,1,16,3,3,334,1,1,1
8,1,16,3,3,97,1,1,1
8,1,16,3,3,310,0,0,1
8,1,16,3,3,398,1,1,1
8,1,16,3,3,376,0,0,1
8,1,16,3,3,274,1,1,1
8,1,16,3,3,347,1,1,1
8,1,16,3,3,725,1,0,0
8,1,16,3,3,305,1,1,1
8,1,16,3,3,336,0,1,0
8,1,16,3,3,1313,1,1,1
8,1,17,1,1,103,1,1,1
8,1,17,1,1,38,1,1,1
8,1,17,1,1,16,0,0,1
8,1,17,1,1,499,1,1,1
8,1,17,1,1,398,1,1,1
8,1,17,1,1,41,0,0,1
8,1,17,1,1,149,0,0,1
8,1,17,1,1,451,1,1,1
8,1,17,1,1,128,1,1,1
8,1,17,1,1,91,0,0,1
8,1,17,1,1,90,1,1,1
8,1,17,1,1,16,1,1,1
8,1,17,1,1,492,1,1,1
8,1,17,1,1,53,1,1,1
8,1,17,1,1,20,1,1,1
8,1,17,1,1,288,1,1,1
8,1,17,1,1,244,1,1,1
8,1,17,1,1,219,1,1,1
8,1,17,1,1,204,1,1,1
8,1,17,1,1,161,0,0,1
8,1,17,1,1,208,1,1,1
11,1,1,1,1,487,1,1,1
11,1,1,1,1,222,1,1,1
11,1,1,1,1,189,0,0,1
11,1,1,1,1,74,0,0,1
11,1,1,1,1,417,1,1,1
11,1,1,1,1,464,0,0,1
11,1,1,1,1,785,1,1,1
11,1,1,1,1,477,1,1,1
11,1,1,1,1,358,1,1,1
11,1,1,1,1,302,1,1,1
11,1,1,1,1,138,1,0,0
11,1,1,1,1,427,1,1,1
11,1,1,1,1,343,0,1,0
11,1,1,1,1,697,1,1,1
11,1,1,1,1,666,1,1,1
11,1,1,1,1,763,1,1,1
11,1,1,1,1,166,1,1,1
11,1,1,1,1,116,1,1,1
11,1,1,1,1,35,1,1,1
11,1,1,1,1,5,1,1,1
11,1,2,3,3,171,1,0,0
11,1,2,3,3,235,1,1,1
11,1,2,3,3,338,1,1,1
11,1,2,3,3,678,1,1,1
11,1,2,3,3,576,0,1,0
11,1,2,3,3,529,0,1,0
11,1,2,3,3,904,1,1,1
11,1,2,3,3,699,1,1,1
11,1,2,3,3,475,1,1,1
11,1,2,3,3,484,0,1,0
11,1,2,3,3,575,1,1,1
11,1,2,3,3,1033,1,1,1
11,1,2,3,3,543,1,1,1
11,1,2,3,3,1413,1,0,0
11,1,2,3,3,833,1,1,1
11,1,3,3,3,1288,1,1,1
11,1,3,3,3,593,1,0,0
11,1,3,3,3,4,0,0,1
11,1,3,3,3,536,1,0,0
11,1,3,3,3,361,1,1,1
11,1,3,3,3,229,1,1,1
11,1,3,3,3,382,0,1,0
11,1,3,3,3,1087,1,0,0
11,1,3,3,3,733,0,0,1
11,1,3,3,3,326,1,1,1
11,1,4,1,1,383,1,1,1
11,1,4,1,1,366,1,1,1
11,1,4,1,1,688,1,1,1
11,1,4,1,1,28,1,1,1
11,1,4,1,1,372,1,1,1
11,1,4,1,1,193,1,1,1
11,1,4,1,1,240,0,0,1
11,1,4,1,1,582,1,1,1
11,1,4,1,1,111,0,0,1
11,1,4,1,1,393,1,1,1
11,1,4,1,1,78,0,0,1
11,1,4,1,1,144,1,1,1
11,1,4,1,1,288,1,1,1
11,1,4,1,1,223,1,1,1
11,1,4,1,1,286,1,1,1
11,1,4,1,1,377,0,0,1
11,1,4,1,1,36,1,1,1
11,1,4,1,1,449,0,0,1
11,1,4,1,1,526,1,1,1
11,1,4,1,1,164,1,1,1
11,1,5,3,3,464,1,1,1
11,1,5,3,3,863,1,1,1
11,1,5,3,3,200,1,1,1
11,1,5,3,3,426,0,0,1
11,1,5,3,3,169,1,1,1
11,1,5,3,3,1379,1,1,1
11,1,5,3,3,890,1,1,1
11,1,5,3,3,631,1,1,1
11,1,5,3,3,323,0,1,0
11,1,5,3,3,358,1,1,1
11,1,5,3,3,381,1,0,0
11,1,5,3,3,763,1,1,1
11,1,5,3,3,531,0,1,0
11,1,5,3,3,706,0,1,0
11,1,5,3,3,411,1,1,1
11,1,5,3,3,500,1,1,1
11,1,5,3,3,955,1,1,1
11,1,6,1,1,492,1,1,1
11,1,6,1,1,41,1,1,1
11,1,6,1,1,30,1,1,1
11,1,6,1,1,231,0,0,1
11,1,6,1,1,495,0,0,1
11,1,6,1,1,585,1,1,1
11,1,6,1,1,47,1,1,1
11,1,6,1,1,308,1,1,1
11,1,6,1,1,377,1,1,1
11,1,6,1,1,439,0,1,0
11,1,6,1,1,190,1,1,1
11,1,6,1,1,71,1,1,1
11,1,6,1,1,36,1,1,1
11,1,6,1,1,15,1,1,1
11,1,6,1,1,403,1,1,1
11,1,6,1,1,256,0,0,1
11,1,6,1,1,1350,1,1,1
11,1,6,1,1,360,1,1,1
11,1,6,1,1,291,0,1,0
11,1,6,1,1,113,1,1,1
11,1,7,1,1,406,1,1,1
11,1,7,1,1,376,1,1,1
11,1,7,1,1,308,0,0,1
11,1,7,1,1,155,1,1,1
11,1,7,1,1,738,1,1,1
11,1,7,1,1,50,1,1,1
11,1,7,1,1,41,1,1,1
11,1,7,1,1,160,0,0,1
11,1,7,1,1,35,1,1,1
11,1,7,1,1,420,0,0,1
11,1,7,1,1,86,0,0,1
11,1,7,1,1,127,1,1,1
11,1,7,1,1,616,1,1,1
11,1,7,1,1,111,1,1,1
11,1,7,1,1,498,1,1,1
11,1,7,1,1,251,1,1,1
11,1,7,1,1,8,1,1,1
11,1,8,3,3,843,0,0,1
11,1,8,3,3,823,0,0,1
11,1,8,3,3,446,1,1,1
11,1,8,3,3,1105,1,1,1
11,1,8,3,3,786,1,1,1
11,1,8,3,3,882,0,0,1
11,1,8,3,3,266,1,1,1
11,1,8,3,3,1089,1,0,0
11,1,8,3,3,1230,0,0,1
11,1,8,3,3,226,1,1,1
11,1,8,3,3,685,1,1,1
11,1,8,3,3,259,0,0,1
11,1,8,3,3,325,1,1,1
11,1,8,3,3,1075,1,0,0
11,1,8,3,3,243,1,1,1
11,1,10,3,3,1344,1,1,1
11,1,10,3,3,328,1,1,1
11,1,10,3,3,444,1,1,1
11,1,10,3,3,818,1,1,1
11,1,10,3,3,673,1,1,1
11,1,10,3,3,403,1,0,0
11,1,10,3,3,279,1,1,1
11,1,10,3,3,958,1,1,1
11,1,10,3,3,303,1,0,0
11,1,10,3,3,114,0,1,0
11,1,10,3,3,165,0,1,0
11,1,10,3,3,414,0,0,1
11,1,10,3,3,548,0,0,1
11,1,10,3,3,731,1,1,1
11,1,10,3,3,585,1,0,0
11,1,10,3,3,30,1,1,1
11,1,10,3,3,1173,1,1,1
11,1,10,3,3,547,0,0,1
11,1,11,1,1,299,0,0,1
11,1,11,1,1,334,1,1,1
11,1,11,1,1,705,1,1,1
11,1,11,1,1,67,0,0,1
11,1,11,1,1,925,1,1,1
11,1,11,1,1,767,1,1,1
11,1,11,1,1,135,0,0,1
11,1,11,1,1,30,1,1,1
11,1,11,1,1,720,1,1,1
11,1,11,1,1,250,1,1,1
11,1,11,1,1,71,1,1,1
11,1,11,1,1,607,1,1,1
11,1,11,1,1,479,1,1,1
11,1,11,1,1,455,1,1,1
11,1,11,1,1,465,1,1,1
11,1,11,1,1,210,0,0,1
11,1,11,1,1,487,1,1,1
11,1,12,1,1,781,1,1,1
11,1,12,1,1,89,1,1,1
11,1,12,1,1,54,0,0,1
11,1,12,1,1,1043,1,1,1
11,1,12,1,1,277,1,1,1
11,1,12,1,1,114,0,0,1
11,1,12,1,1,491,0,0,1
11,1,12,1,1,279,1,1,1
11,1,12,1,1,436,1,1,1
11,1,12,1,1,455,0,0,1
11,1,12,1,1,895,1,1,1
11,1,12,1,1,141,1,1,1
11,1,12,1,1,218,1,1,1
11,1,12,1,1,417,1,1,1
11,1,12,1,1,574,1,1,1
11,1,12,1,1,158,1,1,1
11,1,12,1,1,247,1,1,1
11,1,12,1,1,55,1,1,1
11,1,12,1,1,85,0,0,1
11,1,12,1,1,329,1,1,1
11,1,13,3,3,685,1,1,1
11,1,13,3,3,347,1,1,1
11,1,13,3,3,107,1,1,1
11,1,13,3,3,434,1,0,0
11,1,13,3,3,204,0,0,1
11,1,13,3,3,401,0,0,1
11,1,13,3,3,296,1,1,1
11,1,13,3,3,277,0,0,1
11,1,13,3,3,879,1,1,1
11,1,13,3,3,1181,1,1,1
11,1,13,3,3,659,1,1,1
11,1,13,3,3,83,1,1,1
11,1,13,3,3,596,1,1,1
11,1,13,3,3,1060,0,0,1
11,1,13,3,3,645,0,0,1
11,1,13,3,3,1457,1,1,1
11,1,13,3,3,476,1,1,1
11,1,13,3,3,564,1,1,1
11,1,14,3,3,800,0,0,1
11,1,14,3,3,210,0,0,1
11,1,14,3,3,488,1,1,1
11,1,14,3,3,420,1,1,1
11,1,14,3,3,1019,1,1,1
11,1,14,3,3,284,1,1,1
11,1,14,3,3,675,1,0,0
11,1,14,3,3,1083,1,1,1
11,1,14,3,3,895,1,1,1
11,1,14,3,3,1149,1,1,1
11,1,14,3,3,658,0,0,1
11,1,14,3,3,470,0,0,1
11,1,14,3,3,226,1,1,1
11,1,14,3,3,538,1,1,1
11,1,14,3,3,38,1,1,1
11,1,14,3,3,475,0,0,1
11,1,14,3,3,798,1,1,1
11,1,14,3,3,377,1,1,1
11,1,14,3,3,242,1,1,1
11,1,15,1,1,195,1,1,1
11,1,15,1,1,167,1,1,1
11,1,15,1,1,285,1,1,1
11,1,15,1,1,876,0,0,1
11,1,15,1,1,169,0,0,1
11,1,15,1,1,208,1,1,1
11,1,15,1,1,125,1,0,0
11,1,15,1,1,67,1,1,1
11,1,15,1,1,34,0,0,1
11,1,15,1,1,273,1,1,1
11,1,15,1,1,615,1,1,1
11,1,15,1,1,71,1,1,1
11,1,15,1,1,161,1,1,1
11,1,15,1,1,295,1,1,1
11,1,15,1,1,70,1,1,1
11,1,15,1,1,364,0,0,1
11,1,15,1,1,257,1,1,1
11,1,15,1,1,175,1,1,1
11,1,15,1,1,5,1,1,1
11,1,15,1,1,412,0,0,1
11,1,16,3,3,305,1,1,1
11,1,16,3,3,48,1,1,1
11,1,16,3,3,148,1,1,1
11,1,16,3,3,911,1,1,1
11,1,16,3,3,404,0,0,1
11,1,16,3,3,816,0,1,0
11,1,16,3,3,889,1,1,1
11,1,16,3,3,718,1,1,1
11,1,16,3,3,775,0,0,1
11,1,16,3,3,1147,1,1,1
11,1,16,3,3,365,0,0,1
11,1,16,3,3,1476,1,1,1
11,1,16,3,3,804,1,1,1
11,1,16,3,3,1129,1,1,1
11,1,16,3,3,542,1,1,1
11,1,16,3,3,407,0,0,1
11,1,16,3,3,548,1,1,1
11,1,17,1,1,1329,1,1,1
11,1,17,1,1,387,1,1,1
11,1,17,1,1,218,0,0,1
11,1,17,1,1,56,1,1,1
11,1,17,1,1,480,1,1,1
11,1,17,1,1,385,0,0,1
11,1,17,1,1,231,0,0,1
11,1,17,1,1,151,1,1,1
11,1,17,1,1,270,0,0,1
11,1,17,1,1,161,1,1,1
11,1,17,1,1,377,1,1,1
11,1,17,1,1,286,1,1,1
11,1,17,1,1,613,1,1,1
11,1,17,1,1,282,1,1,1
11,1,17,1,1,444,1,1,1
11,1,17,1,1,224,1,1,1
11,1,17,1,1,74,1,1,1
11,1,17,1,1,219,1,1,1
11,1,17,1,1,159,0,0,1
11,1,17,1,1,135,1,1,1
3,0,1,1,1,108,1,1,1
3,0,1,1,1,95,1,1,1
3,0,1,1,1,152,1,1,1
3,0,1,1,1,475,1,1,1
3,0,1,1,1,69,0,0,1
3,0,1,1,1,182,1,1,1
3,0,1,1,1,219,1,1,1
3,0,1,1,1,270,1,1,1
3,0,1,1,1,177,0,0,1
3,0,1,1,1,193,0,0,1
3,0,1,1,1,246,1,1,1
3,0,1,1,1,476,1,1,1
3,0,1,1,1,772,0,1,0
3,0,1,1,1,242,0,0,1
3,0,1,1,1,664,1,1,1
3,0,1,1,1,466,1,1,1
3,0,1,1,1,161,1,1,1
3,0,1,1,1,441,1,1,1
3,0,1,1,1,229,1,1,1
3,0,1,1,1,286,1,1,1
3,0,1,1,1,506,1,1,1
3,0,2,3,3,596,1,1,1
3,0,2,3,3,655,1,0,0
3,0,2,3,3,599,1,1,1
3,0,2,3,3,244,1,1,1
3,0,2,3,3,459,1,1,1
3,0,2,3,3,484,1,0,0
3,0,2,3,3,596,1,1,1
3,0,2,3,3,1031,1,1,1
3,0,2,3,3,1236,1,1,1
3,0,2,3,3,506,0,0,1
3,0,2,3,3,544,0,0,1
3,0,2,3,3,620,1,1,1
3,0,2,3,3,775,1,1,1
3,0,2,3,3,822,1,1,1
3,0,2,3,3,907,1,1,1
3,0,2,3,3,1012,1,1,1
3,0,2,3,3,512,0,0,1
3,0,2,3,3,1484,0,1,0
3,0,2,3,3,493,0,0,1
3,0,3,1,1,163,1,1,1
3,0,3,1,1,214,1,1,1
3,0,3,1,1,937,0,1,0
3,0,3,1,1,691,0,1,0
3,0,3,1,1,605,0,1,0
3,0,3,1,1,276,0,0,1
3,0,3,1,1,346,1,1,1
3,0,3,1,1,561,1,1,1
3,0,3,1,1,335,1,1,1
3,0,3,1,1,363,1,1,1
3,0,3,1,1,461,1,1,1
3,0,3,1,1,382,1,1,1
3,0,3,1,1,779,1,1,1
3,0,3,1,1,357,1,1,1
3,0,3,1,1,548,0,0,1
3,0,3,1,1,393,1,1,1
3,0,3,1,1,1156,1,1,1
3,0,3,1,1,632,1,1,1
3,0,3,1,1,284,1,1,1
3,0,3,1,1,172,1,1,1
3,0,4,3,3,543,1,1,1
3,0,4,3,3,1394,0,0,1
3,0,4,3,3,438,1,1,1
3,0,4,3,3,491,1,1,1
3,0,4,3,3,602,1,1,1
3,0,4,3,3,838,1,1,1
3,0,4,3,3,616,1,1,1
3,0,4,3,3,350,0,0,1
3,0,4,3,3,205,1,1,1
3,0,4,3,3,339,1,1,1
3,0,4,3,3,662,1,1,1
3,0,4,3,3,644,1,1,1
3,0,4,3,3,591,1,1,1
3,0,4,3,3,654,1,1,1
3,0,4,3,3,420,0,0,1
3,0,4,3,3,629,1,1,1
3,0,4,3,3,1262,0,1,0
3,0,4,3,3,441,0,0,1
3,0,4,3,3,235,1,1,1
3,0,5,1,1,164,0,0,1
3,0,5,1,1,62,1,1,1
3,0,5,1,1,633,1,1,1
3,0,5,1,1,277,1,1,1
3,0,5,1,1,168,1,1,1
3,0,5,1,1,201,1,1,1
3,0,5,1,1,84,1,1,1
3,0,5,1,1,519,0,0,1
3,0,5,1,1,231,0,0,1
3,0,5,1,1,46,1,1,1
3,0,5,1,1,160,1,1,1
3,0,5,1,1,401,1,1,1
3,0,5,1,1,408,0,0,1
3,0,5,1,1,485,1,1,1
3,0,5,1,1,451,0,1,0
3,0,5,1,1,847,1,1,1
3,0,5,1,1,488,1,1,1
3,0,5,1,1,695,1,1,1
3,0,5,1,1,840,1,0,0
3,0,5,1,1,600,1,1,1
3,0,6,3,3,689,1,1,1
3,0,6,3,3,914,1,1,1
3,0,6,3,3,610,1,1,1
3,0,6,3,3,625,1,1,1
3,0,6,3,3,344,0,0,1
3,0,6,3,3,588,0,0,1
3,0,6,3,3,348,1,1,1
3,0,6,3,3,551,1,1,1
3,0,6,3,3,385,1,0,0
3,0,6,3,3,760,0,1,0
3,0,6,3,3,318,0,0,1
3,0,6,3,3,505,1,1,1
3,0,6,3,3,624,1,1,1
3,0,6,3,3,514,1,1,1
3,0,6,3,3,276,0,0,1
3,0,6,3,3,138,1,1,1
3,0,6,3,3,750,1,1,1
3,0,6,3,3,335,1,1,1
3,0,6,3,3,449,1,1,1
3,0,7,1,1,325,1,1,1
3,0,7,1,1,190,1,1,1
3,0,7,1,1,468,1,1,1
3,0,7,1,1,406,1,1,1
3,0,7,1,1,76,1,1,1
3,0,7,1,1,205,1,1,1
3,0,7,1,1,522,0,1,0
3,0,7,1,1,252,1,1,1
3,0,7,1,1,251,1,1,1
3,0,7,1,1,261,0,0,1
3,0,7,1,1,278,0,0,1
3,0,7,1,1,95,1,1,1
3,0,7,1,1,104,1,1,1
3,0,7,1,1,144,0,0,1
3,0,7,1,1,399,1,1,1
3,0,7,1,1,162,1,1,1
3,0,7,1,1,108,1,1,1
3,0,7,1,1,34,1,1,1
3,0,7,1,1,106,1,1,1
3,0,7,1,1,164,0,0,1
3,0,7,1,1,169,1,1,1
3,0,8,3,3,42,1,1,1
3,0,8,3,3,583,1,1,1
3,0,8,3,3,416,1,1,1
3,0,8,3,3,163,1,0,0
3,0,8,3,3,376,1,1,1
3,0,8,3,3,493,1,1,1
3,0,8,3,3,184,0,0,1
3,0,8,3,3,342,0,0,1
3,0,8,3,3,323,1,1,1
3,0,8,3,3,562,1,1,1
3,0,8,3,3,447,1,1,1
3,0,8,3,3,357,0,1,0
3,0,8,3,3,283,1,1,1
3,0,8,3,3,332,1,1,1
3,0,8,3,3,247,0,0,1
3,0,8,3,3,1419,1,1,1
3,0,8,3,3,448,1,1,1
3,0,8,3,3,194,1,1,1
3,0,8,3,3,275,0,0,1
3,0,10,1,1,330,0,0,1
3,0,10,1,1,476,1,1,1
3,0,10,1,1,198,1,1,1
3,0,10,1,1,405,1,1,1
3,0,10,1,1,157,0,0,1
3,0,10,1,1,145,1,1,1
3,0,10,1,1,84,0,0,1
3,0,10,1,1,263,1,1,1
3,0,10,1,1,251,1,1,1
3,0,10,1,1,656,1,1,1
3,0,10,1,1,257,1,1,1
3,0,10,1,1,287,1,1,1
3,0,10,1,1,174,1,1,1
3,0,10,1,1,269,0,1,0
3,0,10,1,1,174,0,0,1
3,0,10,1,1,10,1,1,1
3,0,10,1,1,94,1,1,1
3,0,10,1,1,365,1,1,1
3,0,10,1,1,105,1,1,1
3,0,10,1,1,119,1,1,1
3,0,10,1,1,43,1,1,1
3,0,11,3,3,325,1,1,1
3,0,11,3,3,225,1,1,1
3,0,11,3,3,398,0,0,1
3,0,11,3,3,1091,1,1,1
3,0,11,3,3,673,1,1,1
3,0,11,3,3,834,1,0,0
3,0,11,3,3,237,1,1,1
3,0,11,3,3,483,1,1,1
3,0,11,3,3,826,1,0,0
3,0,11,3,3,407,1,1,1
3,0,11,3,3,139,1,1,1
3,0,11,3,3,390,1,1,1
3,0,11,3,3,597,1,0,0
3,0,11,3,3,186,0,1,0
3,0,11,3,3,643,1,1,1
3,0,11,3,3,307,0,0,1
3,0,11,3,3,213,1,1,1
3,0,11,3,3,377,0,0,1
3,0,11,3,3,241,0,0,1
3,0,12,3,3,175,1,1,1
3,0,12,3,3,290,0,0,1
3,0,12,3,3,530,0,0,1
3,0,12,3,3,310,1,1,1
3,0,12,3,3,241,1,1,1
3,0,12,3,3,117,1,1,1
3,0,12,3,3,122,1,1,1
3,0,12,3,3,297,1,1,1
3,0,12,3,3,306,1,1,1
3,0,12,3,3,580,1,1,1
3,0,12,3,3,385,1,1,1
3,0,12,3,3,675,1,0,0
3,0,12,3,3,203,1,1,1
3,0,12,3,3,311,0,1,0
3,0,12,3,3,515,1,1,1
3,0,12,3,3,320,0,0,1
3,0,12,3,3,724,1,0,0
3,0,12,3,3,547,0,0,1
3,0,12,3,3,638,1,1,1
3,0,13,1,1,230,1,1,1
3,0,13,1,1,447,1,1,1
3,0,13,1,1,325,1,1,1
3,0,13,1,1,10,1,1,1
3,0,13,1,1,460,1,1,1
3,0,13,1,1,192,1,1,1
3,0,13,1,1,168,1,1,1
3,0,13,1,1,36,1,1,1
3,0,13,1,1,296,0,1,0
3,0,13,1,1,81,0,0,1
3,0,13,1,1,282,1,1,1
3,0,13,1,1,271,1,1,1
3,0,13,1,1,20,1,1,1
3,0,13,1,1,105,1,1,1
3,0,13,1,1,236,1,1,1
3,0,13,1,1,203,0,0,1
3,0,13,1,1,129,1,1,1
3,0,13,1,1,84,0,0,1
3,0,13,1,1,36,1,1,1
3,0,13,1,1,112,0,0,1
3,0,13,1,1,332,1,1,1
3,0,14,3,3,48,1,1,1
3,0,14,3,3,218,1,1,1
3,0,14,3,3,116,1,1,1
3,0,14,3,3,162,0,0,1
3,0,14,3,3,589,1,1,1
3,0,14,3,3,269,1,1,1
3,0,14,3,3,305,1,1,1
3,0,14,3,3,157,1,1,1
3,0,14,3,3,110,0,0,1
3,0,14,3,3,329,1,1,1
3,0,14,3,3,114,1,1,1
3,0,14,3,3,298,1,0,0
3,0,14,3,3,262,1,1,1
3,0,14,3,3,607,1,1,1
3,0,14,3,3,284,1,0,0
3,0,14,3,3,654,0,0,1
3,0,14,3,3,340,0,0,1
3,0,14,3,3,153,1,1,1
3,0,14,3,3,329,0,0,1
3,0,15,1,1,7,0,0,1
3,0,15,1,1,148,1,1,1
3,0,15,1,1,192,1,1,1
3,0,15,1,1,22,1,1,1
3,0,15,1,1,426,1,1,1
3,0,15,1,1,270,1,1,1
3,0,15,1,1,218,1,1,1
3,0,15,1,1,82,1,1,1
3,0,15,1,1,403,0,1,0
3,0,15,1,1,279,1,1,1
3,0,15,1,1,281,1,1,1
3,0,15,1,1,353,1,1,1
3,0,15,1,1,78,1,1,1
3,0,15,1,1,96,1,1,1
3,0,15,1,1,18,0,0,1
3,0,15,1,1,25,1,1,1
3,0,15,1,1,46,0,0,1
3,0,15,1,1,692,1,1,1
3,0,15,1,1,225,1,1,1
3,0,15,1,1,164,1,1,1
3,0,16,3,3,558,0,1,0
3,0,16,3,3,503,0,1,0
3,0,16,3,3,667,0,1,0
3,0,16,3,3,555,0,1,0
3,0,16,3,3,508,0,1,0
3,0,16,3,3,432,0,0,1
3,0,16,3,3,615,0,1,0
3,0,16,3,3,293,0,1,0
3,0,16,3,3,739,0,1,0
3,0,16,3,3,1436,0,1,0
3,0,16,3,3,1004,0,1,0
3,0,16,3,3,544,0,1,0
3,0,16,3,3,429,0,0,1
3,0,16,3,3,487,0,1,0
3,0,16,3,3,387,0,0,1
3,0,16,3,3,338,0,0,1
3,0,16,3,3,403,0,1,0
3,0,16,3,3,601,0,1,0
3,0,16,3,3,930,0,1,0
3,0,16,3,3,1461,0,1,0
3,0,17,1,1,359,0,0,1
3,0,17,1,1,24,1,1,1
3,0,17,1,1,133,1,1,1
3,0,17,1,1,165,0,0,1
3,0,17,1,1,91,1,1,1
3,0,17,1,1,48,0,0,1
3,0,17,1,1,124,1,1,1
3,0,17,1,1,261,1,1,1
3,0,17,1,1,204,1,1,1
3,0,17,1,1,7,1,1,1
3,0,17,1,1,690,0,0,1
3,0,17,1,1,369,1,1,1
3,0,17,1,1,275,1,1,1
3,0,17,1,1,565,0,0,1
3,0,17,1,1,612,1,1,1
3,0,17,1,1,241,1,1,1
3,0,17,1,1,262,1,1,1
3,0,17,1,1,196,1,1,1
3,0,17,1,1,332,1,1,1
3,0,17,1,1,1199,1,1,1
4,0,1,1,1,750,1,1,1
4,0,1,1,1,431,1,1,1
4,0,1,1,1,416,1,1,1
4,0,1,1,1,356,1,1,1
4,0,1,1,1,447,0,0,1
4,0,1,1,1,471,1,1,1
4,0,1,1,1,356,1,1,1
4,0,1,1,1,69,1,1,1
4,0,1,1,1,491,0,0,1
4,0,1,1,1,460,0,0,1
4,0,1,1,1,30,1,1,1
4,0,1,1,1,447,1,1,1
4,0,1,1,1,314,0,1,0
4,0,1,1,1,387,0,0,1
4,0,1,1,1,97,1,1,1
4,0,1,1,1,430,1,1,1
4,0,1,1,1,105,1,1,1
4,0,1,1,1,253,1,1,1
4,0,1,1,1,381,1,1,1
4,0,1,1,1,72,1,1,1
4,0,1,1,1,404,1,1,1
4,0,2,3,3,498,1,0,0
4,0,2,3,3,273,1,1,1
4,0,2,3,3,1225,1,1,1
4,0,2,3,3,393,1,1,1
4,0,2,3,3,167,1,1,1
4,0,2,3,3,423,1,0,0
4,0,2,3,3,444,1,1,1
4,0,2,3,3,22,1,1,1
4,0,2,3,3,277,1,1,1
4,0,2,3,3,397,0,1,0
4,0,2,3,3,199,0,0,1
4,0,2,3,3,799,1,0,0
4,0,2,3,3,264,1,1,1
4,0,2,3,3,1250,1,1,1
4,0,2,3,3,277,1,0,0
4,0,2,3,3,202,0,1,0
4,0,2,3,3,473,0,0,1
4,0,2,3,3,343,0,0,1
4,0,3,1,1,161,1,1,1
4,0,3,1,1,143,1,1,1
4,0,3,1,1,387,0,0,1
4,0,3,1,1,39,0,1,0
4,0,3,1,1,394,0,1,0
4,0,3,1,1,370,0,0,1
4,0,3,1,1,109,1,1,1
4,0,3,1,1,420,1,1,1
4,0,3,1,1,379,1,1,1
4,0,3,1,1,4,1,1,1
4,0,3,1,1,430,1,1,1
4,0,3,1,1,380,1,1,1
4,0,3,1,1,458,1,1,1
4,0,3,1,1,378,1,1,1
4,0,3,1,1,498,0,0,1
4,0,3,1,1,377,1,1,1
4,0,3,1,1,471,1,1,1
4,0,3,1,1,666,1,1,1
4,0,3,1,1,26,1,1,1
4,0,3,1,1,87,1,1,1
4,0,4,3,3,30,0,0,1
4,0,4,3,3,157,1,1,1
4,0,4,3,3,340,1,0,0
4,0,4,3,3,502,1,1,1
4,0,4,3,3,171,1,1,1
4,0,4,3,3,90,1,1,1
4,0,4,3,3,429,0,0,1
4,0,4,3,3,357,1,1,1
4,0,4,3,3,201,1,1,1
4,0,4,3,3,132,1,0,0
4,0,4,3,3,77,1,1,1
4,0,4,3,3,681,1,1,1
4,0,4,3,3,125,1,1,1
4,0,4,3,3,202,0,0,1
4,0,4,3,3,83,1,1,1
4,0,4,3,3,228,0,0,1
4,0,4,3,3,180,0,0,1
4,0,4,3,3,94,1,0,0
4,0,5,1,1,445,0,0,1
4,0,5,1,1,394,1,1,1
4,0,5,1,1,305,1,1,1
4,0,5,1,1,440,1,1,1
4,0,5,1,1,359,1,1,1
4,0,5,1,1,344,1,1,1
4,0,5,1,1,451,0,0,1
4,0,5,1,1,436,0,0,1
4,0,5,1,1,145,1,1,1
4,0,5,1,1,296,1,1,1
4,0,5,1,1,348,1,1,1
4,0,5,1,1,146,1,1,1
4,0,5,1,1,411,0,1,0
4,0,5,1,1,68,1,1,1
4,0,5,1,1,387,1,1,1
4,0,5,1,1,462,1,1,1
4,0,5,1,1,364,1,1,1
4,0,5,1,1,333,1,1,1
4,0,6,3,3,172,1,1,1
4,0,6,3,3,238,1,1,1
4,0,6,3,3,476,1,1,1
4,0,6,3,3,606,1,1,1
4,0,6,3,3,231,0,0,1
4,0,6,3,3,215,0,0,1
4,0,6,3,3,235,1,1,1
4,0,6,3,3,88,1,1,1
4,0,6,3,3,290,1,0,0
4,0,6,3,3,405,0,0,1
4,0,6,3,3,113,0,0,1
4,0,6,3,3,194,1,1,1
4,0,6,3,3,1327,1,0,0
4,0,6,3,3,46,0,0,1
4,0,6,3,3,82,1,1,1
4,0,6,3,3,101,1,1,1
4,0,6,3,3,858,1,0,0
4,0,6,3,3,304,1,1,1
4,0,7,1,1,165,1,1,1
4,0,7,1,1,438,1,1,1
4,0,7,1,1,364,1,1,1
4,0,7,1,1,462,1,1,1
4,0,7,1,1,367,0,0,1
4,0,7,1,1,240,1,1,1
4,0,7,1,1,474,0,0,1
4,0,7,1,1,23,0,0,1
4,0,7,1,1,249,1,1,1
4,0,7,1,1,454,1,1,1
4,0,7,1,1,110,1,1,1
4,0,7,1,1,5,1,1,1
4,0,7,1,1,406,1,1,1
4,0,7,1,1,487,1,1,1
4,0,7,1,1,431,0,0,1
4,0,7,1,1,256,1,1,1
4,0,8,3,3,39,1,1,1
4,0,8,3,3,418,1,1,1
4,0,8,3,3,333,1,1,1
4,0,8,3,3,508,1,0,0
4,0,8,3,3,169,1,1,1
4,0,8,3,3,626,1,1,1
4,0,8,3,3,209,0,0,1
4,0,8,3,3,138,0,0,1
4,0,8,3,3,265,1,1,1
4,0,8,3,3,121,1,1,1
4,0,8,3,3,727,1,1,1
4,0,8,3,3,479,0,1,0
4,0,8,3,3,235,1,1,1
4,0,8,3,3,909,1,1,1
4,0,8,3,3,425,0,0,1
4,0,8,3,3,497,1,1,1
4,0,8,3,3,439,1,1,1
4,0,8,3,3,238,0,1,0
4,0,10,1,1,464,0,0,1
4,0,10,1,1,60,1,1,1
4,0,10,1,1,396,1,1,1
4,0,10,1,1,449,1,1,1
4,0,10,1,1,424,0,0,1
4,0,10,1,1,405,1,1,1
4,0,10,1,1,486,0,0,1
4,0,10,1,1,384,1,1,1
4,0,10,1,1,353,1,1,1
4,0,10,1,1,64,1,1,1
4,0,10,1,1,385,1,1,1
4,0,10,1,1,395,1,1,1
4,0,10,1,1,346,0,1,0
4,0,10,1,1,483,0,0,1
4,0,10,1,1,480,1,1,1
4,0,10,1,1,28,1,1,1
4,0,10,1,1,386,1,1,1
4,0,10,1,1,427,1,1,1
4,0,11,3,3,457,1,1,1
4,0,11,3,3,350,0,0,1
4,0,11,3,3,128,1,1,1
4,0,11,3,3,110,1,1,1
4,0,11,3,3,1061,1,1,1
4,0,11,3,3,523,1,0,0
4,0,11,3,3,404,1,1,1
4,0,11,3,3,48,1,1,1
4,0,11,3,3,392,1,1,1
4,0,11,3,3,918,1,0,0
4,0,11,3,3,290,1,1,1
4,0,11,3,3,752,1,1,1
4,0,11,3,3,126,0,0,1
4,0,11,3,3,482,1,1,1
4,0,11,3,3,282,0,0,1
4,0,11,3,3,503,1,1,1
4,0,11,3,3,321,0,0,1
4,0,11,3,3,489,0,0,1
4,0,12,3,3,10,1,1,1
4,0,12,3,3,251,0,0,1
4,0,12,3,3,32,0,0,1
4,0,12,3,3,431,1,1,1
4,0,12,3,3,1144,1,1,1
4,0,12,3,3,105,1,1,1
4,0,12,3,3,259,1,1,1
4,0,12,3,3,1159,1,1,1
4,0,12,3,3,713,1,0,0
4,0,12,3,3,479,1,0,0
4,0,12,3,3,153,1,1,1
4,0,12,3,3,390,1,1,1
4,0,12,3,3,317,1,0,0
4,0,12,3,3,331,0,0,1
4,0,12,3,3,363,1,1,1
4,0,12,3,3,480,0,1,0
4,0,12,3,3,32,1,0,0
4,0,12,3,3,243,0,0,1
4,0,12,3,3,206,1,1,1
4,0,13,1,1,76,1,1,1
4,0,13,1,1,480,1,1,1
4,0,13,1,1,302,1,1,1
4,0,13,1,1,295,1,1,1
4,0,13,1,1,6,1,1,1
4,0,13,1,1,348,1,1,1
4,0,13,1,1,372,1,1,1
4,0,13,1,1,356,1,1,1
4,0,13,1,1,292,0,1,0
4,0,13,1,1,53,0,0,1
4,0,13,1,1,475,1,1,1
4,0,13,1,1,385,1,1,1
4,0,13,1,1,403,1,1,1
4,0,13,1,1,2,1,1,1
4,0,13,1,1,332,1,1,1
4,0,13,1,1,433,0,1,0
4,0,13,1,1,236,1,1,1
4,0,13,1,1,21,0,0,1
4,0,13,1,1,494,1,1,1
4,0,13,1,1,82,0,0,1
4,0,13,1,1,40,1,0,0
4,0,14,3,3,485,1,1,1
4,0,14,3,3,177,1,1,1
4,0,14,3,3,761,1,1,1
4,0,14,3,3,382,0,0,1
4,0,14,3,3,596,1,1,1
4,0,14,3,3,367,1,1,1
4,0,14,3,3,221,1,1,1
4,0,14,3,3,151,0,0,1
4,0,14,3,3,433,1,1,1
4,0,14,3,3,315,1,0,0
4,0,14,3,3,51,1,1,1
4,0,14,3,3,650,1,0,0
4,0,14,3,3,806,1,0,0
4,0,14,3,3,36,1,0,0
4,0,14,3,3,312,0,0,1
4,0,14,3,3,225,0,0,1
4,0,14,3,3,564,1,0,0
4,0,14,3,3,61,0,0,1
4,0,15,1,1,461,0,0,1
4,0,15,1,1,187,0,0,1
4,0,15,1,1,15,1,1,1
4,0,15,1,1,365,1,1,1
4,0,15,1,1,412,1,1,1
4,0,15,1,1,349,1,1,1
4,0,15,1,1,445,1,1,1
4,0,15,1,1,291,1,1,1
4,0,15,1,1,355,1,1,1
4,0,15,1,1,429,0,0,1
4,0,15,1,1,89,1,1,1
4,0,15,1,1,149,1,1,1
4,0,15,1,1,417,1,1,1
4,0,15,1,1,369,1,1,1
4,0,15,1,1,168,0,0,1
4,0,15,1,1,344,1,1,1
4,0,15,1,1,470,0,1,0
4,0,15,1,1,178,1,1,1
4,0,15,1,1,33,1,1,1
4,0,16,3,3,45,0,1,0
4,0,16,3,3,179,0,0,1
4,0,16,3,3,150,0,1,0
4,0,16,3,3,129,0,1,0
4,0,16,3,3,780,0,1,0
4,0,16,3,3,192,0,0,1
4,0,16,3,3,425,0,0,1
4,0,16,3,3,149,0,1,0
4,0,16,3,3,85,0,1,0
4,0,16,3,3,683,0,0,1
4,0,16,3,3,1090,0,1,0
4,0,16,3,3,299,0,0,1
4,0,16,3,3,422,0,0,1
4,0,16,3,3,237,0,1,0
4,0,16,3,3,330,0,1,0
4,0,16,3,3,326,0,1,0
4,0,16,3,3,310,0,1,0
4,0,17,1,1,141,0,0,1
4,0,17,1,1,209,1,1,1
4,0,17,1,1,279,1,1,1
4,0,17,1,1,408,0,0,1
4,0,17,1,1,331,1,1,1
4,0,17,1,1,455,0,0,1
4,0,17,1,1,376,1,1,1
4,0,17,1,1,316,1,1,1
4,0,17,1,1,467,1,1,1
4,0,17,1,1,321,1,1,1
4,0,17,1,1,373,0,0,1
4,0,17,1,1,11,1,1,1
4,0,17,1,1,442,1,1,1
4,0,17,1,1,120,1,1,1
4,0,17,1,1,1,1,1,1
4,0,17,1,1,153,1,1,1
4,0,17,1,1,432,1,1,1
4,0,17,1,1,356,1,1,1
4,0,17,1,1,435,1,1,1
6,0,1,1,1,257,1,1,1
6,0,1,1,1,236,1,1,1
6,0,1,1,1,353,1,1,1
6,0,1,1,1,331,1,1,1
6,0,1,1,1,314,0,0,1
6,0,1,1,1,185,1,1,1
6,0,1,1,1,243,1,1,1
6,0,1,1,1,184,1,1,1
6,0,1,1,1,329,0,0,1
6,0,1,1,1,230,0,1,0
6,0,1,1,1,366,1,1,1
6,0,1,1,1,323,1,1,1
6,0,1,1,1,274,0,1,0
6,0,1,1,1,326,0,0,1
6,0,1,1,1,231,1,1,1
6,0,1,1,1,325,1,1,1
6,0,1,1,1,289,1,1,1
6,0,1,1,1,273,1,1,1
6,0,1,1,1,295,1,1,1
6,0,1,1,1,366,1,1,1
6,0,1,1,1,296,1,1,1
6,0,2,3,3,322,1,1,1
6,0,2,3,3,396,1,1,1
6,0,2,3,3,59,1,1,1
6,0,2,3,3,81,1,1,1
6,0,2,3,3,390,1,1,1
6,0,2,3,3,300,1,1,1
6,0,2,3,3,76,1,1,1
6,0,2,3,3,331,1,1,1
6,0,2,3,3,304,1,1,1
6,0,2,3,3,271,0,0,1
6,0,2,3,3,157,1,1,1
6,0,2,3,3,345,1,1,1
6,0,2,3,3,368,1,1,1
6,0,2,3,3,425,1,1,1
6,0,2,3,3,13,1,1,1
6,0,2,3,3,14,0,0,1
6,0,2,3,3,286,0,1,0
6,0,2,3,3,319,0,1,0
6,0,3,1,1,208,1,1,1
6,0,3,1,1,352,0,0,1
6,0,3,1,1,330,0,1,0
6,0,3,1,1,241,0,1,0
6,0,3,1,1,276,0,0,1
6,0,3,1,1,338,1,1,1
6,0,3,1,1,213,1,1,1
6,0,3,1,1,290,1,1,1
6,0,3,1,1,261,1,1,1
6,0,3,1,1,301,1,1,1
6,0,3,1,1,256,1,1,1
6,0,3,1,1,269,1,1,1
6,0,3,1,1,220,1,1,1
6,0,3,1,1,323,1,1,1
6,0,3,1,1,333,0,0,1
6,0,3,1,1,206,1,1,1
6,0,3,1,1,328,1,1,1
6,0,3,1,1,344,1,1,1
6,0,3,1,1,388,1,1,1
6,0,3,1,1,256,1,1,1
6,0,4,3,3,301,1,1,1
6,0,4,3,3,342,0,0,1
6,0,4,3,3,343,1,1,1
6,0,4,3,3,300,1,1,1
6,0,4,3,3,400,1,0,0
6,0,4,3,3,466,1,1,1
6,0,4,3,3,111,1,1,1
6,0,4,3,3,97,0,0,1
6,0,4,3,3,354,1,1,1
6,0,4,3,3,441,1,1,1
6,0,4,3,3,327,0,0,1
6,0,4,3,3,259,1,1,1
6,0,4,3,3,438,0,0,1
6,0,4,3,3,367,1,1,1
6,0,5,1,1,472,1,1,1
6,0,5,1,1,322,0,1,0
6,0,5,1,1,359,1,1,1
6,0,5,1,1,403,1,1,1
6,0,5,1,1,280,1,1,1
6,0,5,1,1,311,1,1,1
6,0,5,1,1,280,1,1,1
6,0,5,1,1,325,1,1,1
6,0,5,1,1,411,0,0,1
6,0,5,1,1,347,0,0,1
6,0,5,1,1,353,1,1,1
6,0,5,1,1,290,1,1,1
6,0,5,1,1,271,1,1,1
6,0,5,1,1,256,0,1,0
6,0,5,1,1,306,1,1,1
6,0,5,1,1,63,0,0,1
6,0,5,1,1,358,1,1,1
6,0,5,1,1,250,1,1,1
6,0,5,1,1,21,1,1,1
6,0,5,1,1,264,1,1,1
6,0,5,1,1,265,1,1,1
6,0,5,1,1,227,1,1,1
6,0,6,3,3,1032,1,1,1
6,0,6,3,3,122,1,1,1
6,0,6,3,3,183,1,1,1
6,0,6,3,3,170,1,1,1
6,0,6,3,3,350,0,1,0
6,0,6,3,3,368,1,1,1
6,0,6,3,3,368,1,1,1
6,0,6,3,3,419,0,0,1
6,0,6,3,3,430,1,1,1
6,0,6,3,3,499,1,1,1
6,0,6,3,3,185,1,1,1
6,0,6,3,3,361,0,0,1
6,0,6,3,3,217,1,1,1
6,0,6,3,3,455,1,1,1
6,0,6,3,3,941,1,1,1
6,0,6,3,3,476,1,1,1
6,0,7,1,1,311,1,1,1
6,0,7,1,1,350,1,1,1
6,0,7,1,1,240,1,1,1
6,0,7,1,1,199,1,1,1
6,0,7,1,1,218,1,1,1
6,0,7,1,1,203,1,1,1
6,0,7,1,1,168,0,1,0
6,0,7,1,1,224,1,1,1
6,0,7,1,1,380,1,1,1
6,0,7,1,1,300,0,0,1
6,0,7,1,1,257,0,1,0
6,0,7,1,1,403,1,1,1
6,0,7,1,1,211,1,1,1
6,0,7,1,1,414,0,0,1
6,0,7,1,1,304,1,1,1
6,0,7,1,1,242,1,1,1
6,0,7,1,1,211,1,1,1
6,0,7,1,1,386,1,1,1
6,0,7,1,1,179,1,1,1
6,0,7,1,1,136,0,1,0
6,0,7,1,1,420,1,1,1
6,0,8,3,3,308,1,1,1
6,0,8,3,3,303,1,1,1
6,0,8,3,3,348,1,1,1
6,0,8,3,3,357,1,0,0
6,0,8,3,3,368,1,1,1
6,0,8,3,3,309,1,1,1
6,0,8,3,3,344,0,0,1
6,0,8,3,3,243,0,1,0
6,0,8,3,3,325,1,1,1
6,0,8,3,3,12,1,1,1
6,0,8,3,3,467,1,1,1
6,0,8,3,3,389,0,1,0
6,0,8,3,3,457,1,1,1
6,0,8,3,3,351,1,1,1
6,0,8,3,3,435,0,0,1
6,0,8,3,3,344,1,1,1
6,0,8,3,3,116,1,1,1
6,0,8,3,3,428,0,0,1
6,0,10,1,1,281,0,1,0
6,0,10,1,1,432,1,1,1
6,0,10,1,1,287,1,1,1
6,0,10,1,1,258,1,1,1
6,0,10,1,1,390,0,0,1
6,0,10,1,1,251,1,1,1
6,0,10,1,1,228,0,1,0
6,0,10,1,1,335,1,1,1
6,0,10,1,1,283,1,1,1
6,0,10,1,1,56,1,1,1
6,0,10,1,1,317,1,1,1
6,0,10,1,1,252,1,1,1
6,0,10,1,1,226,1,1,1
6,0,10,1,1,90,0,1,0
6,0,10,1,1,351,0,0,1
6,0,10,1,1,227,1,1,1
6,0,10,1,1,297,1,1,1
6,0,10,1,1,252,1,1,1
6,0,10,1,1,326,1,1,1
6,0,10,1,1,202,1,1,1
6,0,10,1,1,202,1,1,1
6,0,11,3,3,335,1,1,1
6,0,11,3,3,282,1,1,1
6,0,11,3,3,360,0,0,1
6,0,11,3,3,341,1,1,1
6,0,11,3,3,355,1,1,1
6,0,11,3,3,311,1,1,1
6,0,11,3,3,344,1,1,1
6,0,11,3,3,338,1,1,1
6,0,11,3,3,360,1,1,1
6,0,11,3,3,367,1,1,1
6,0,11,3,3,340,1,1,1
6,0,11,3,3,421,1,1,1
6,0,11,3,3,312,1,1,1
6,0,11,3,3,437,1,1,1
6,0,11,3,3,9,0,0,1
6,0,11,3,3,405,1,1,1
6,0,11,3,3,117,0,0,1
6,0,12,3,3,334,1,1,1
6,0,12,3,3,469,0,0,1
6,0,12,3,3,312,1,1,1
6,0,12,3,3,300,1,1,1
6,0,12,3,3,303,1,1,1
6,0,12,3,3,384,1,1,1
6,0,12,3,3,34,1,1,1
6,0,12,3,3,164,1,1,1
6,0,12,3,3,36,1,1,1
6,0,12,3,3,27,1,1,1
6,0,12,3,3,425,1,1,1
6,0,12,3,3,15,1,1,1
6,0,12,3,3,355,0,0,1
6,0,12,3,3,486,1,1,1
6,0,12,3,3,535,0,1,0
6,0,12,3,3,435,1,1,1
6,0,12,3,3,317,1,1,1
6,0,13,1,1,414,1,1,1
6,0,13,1,1,315,1,1,1
6,0,13,1,1,193,1,1,1
6,0,13,1,1,252,1,1,1
6,0,13,1,1,295,1,1,1
6,0,13,1,1,218,1,1,1
6,0,13,1,1,380,1,1,1
6,0,13,1,1,263,1,1,1
6,0,13,1,1,247,0,1,0
6,0,13,1,1,380,0,0,1
6,0,13,1,1,281,1,1,1
6,0,13,1,1,322,1,1,1
6,0,13,1,1,274,1,1,1
6,0,13,1,1,207,1,1,1
6,0,13,1,1,261,1,1,1
6,0,13,1,1,242,0,1,0
6,0,13,1,1,367,1,1,1
6,0,13,1,1,325,0,0,1
6,0,13,1,1,311,1,1,1
6,0,13,1,1,462,0,0,1
6,0,13,1,1,286,1,1,1
6,0,14,3,3,306,1,1,1
6,0,14,3,3,258,1,1,1
6,0,14,3,3,260,1,1,1
6,0,14,3,3,388,0,0,1
6,0,14,3,3,272,1,1,1
6,0,14,3,3,363,1,1,1
6,0,14,3,3,328,1,1,1
6,0,14,3,3,296,1,1,1
6,0,14,3,3,338,0,0,1
6,0,14,3,3,339,1,1,1
6,0,14,3,3,353,1,1,1
6,0,14,3,3,405,1,1,1
6,0,14,3,3,342,1,1,1
6,0,14,3,3,305,1,1,1
6,0,14,3,3,393,1,0,0
6,0,14,3,3,329,0,0,1
6,0,14,3,3,441,0,0,1
6,0,14,3,3,158,1,1,1
6,0,14,3,3,425,0,0,1
6,0,15,1,1,14,0,0,1
6,0,15,1,1,376,0,0,1
6,0,15,1,1,277,1,1,1
6,0,15,1,1,243,1,1,1
6,0,15,1,1,230,1,1,1
6,0,15,1,1,326,1,1,1
6,0,15,1,1,237,1,1,1
6,0,15,1,1,278,1,1,1
6,0,15,1,1,191,1,1,1
6,0,15,1,1,337,0,0,1
6,0,15,1,1,240,1,1,1
6,0,15,1,1,233,1,1,1
6,0,15,1,1,222,1,1,1
6,0,15,1,1,260,1,1,1
6,0,15,1,1,237,1,1,1
6,0,15,1,1,343,0,0,1
6,0,15,1,1,351,1,1,1
6,0,15,1,1,335,0,0,1
6,0,15,1,1,260,1,1,1
6,0,15,1,1,272,1,1,1
6,0,15,1,1,201,1,1,1
6,0,16,3,3,254,0,1,0
6,0,16,3,3,247,0,1,0
6,0,16,3,3,296,0,1,0
6,0,16,3,3,265,0,1,0
6,0,16,3,3,178,0,1,0
6,0,16,3,3,396,0,1,0
6,0,16,3,3,304,0,1,0
6,0,16,3,3,494,0,0,1
6,0,16,3,3,125,0,1,0
6,0,16,3,3,274,0,1,0
6,0,16,3,3,127,0,0,1
6,0,16,3,3,293,0,1,0
6,0,16,3,3,462,0,1,0
6,0,16,3,3,327,0,1,0
6,0,16,3,3,384,0,1,0
6,0,16,3,3,303,0,1,0
6,0,16,3,3,490,0,1,0
6,0,17,1,1,260,1,1,1
6,0,17,1,1,136,1,1,1
6,0,17,1,1,218,0,1,0
6,0,17,1,1,235,1,1,1
6,0,17,1,1,349,0,0,1
6,0,17,1,1,279,1,1,1
6,0,17,1,1,257,1,1,1
6,0,17,1,1,287,1,1,1
6,0,17,1,1,183,1,1,1
6,0,17,1,1,349,0,0,1
6,0,17,1,1,216,1,1,1
6,0,17,1,1,200,1,1,1
6,0,17,1,1,376,0,0,1
6,0,17,1,1,182,1,1,1
6,0,17,1,1,205,1,1,1
6,0,17,1,1,226,1,1,1
6,0,17,1,1,160,1,1,1
6,0,17,1,1,181,1,1,1
6,0,17,1,1,79,1,1,1
6,0,17,1,1,257,1,1,1
8,0,1,1,1,263,1,1,1
8,0,1,1,1,12,1,1,1
8,0,1,1,1,53,1,1,1
8,0,1,1,1,353,1,1,1
8,0,1,1,1,1050,0,1,0
8,0,1,1,1,279,1,1,1
8,0,1,1,1,43,1,1,1
8,0,1,1,1,200,1,1,1
8,0,1,1,1,212,0,0,1
8,0,1,1,1,279,0,0,1
8,0,1,1,1,180,1,1,1
8,0,1,1,1,224,1,1,1
8,0,1,1,1,108,0,1,0
8,0,1,1,1,496,0,0,1
8,0,1,1,1,13,1,1,1
8,0,1,1,1,176,1,1,1
8,0,1,1,1,351,1,1,1
8,0,1,1,1,260,1,1,1
8,0,1,1,1,286,1,1,1
8,0,1,1,1,489,1,1,1
8,0,1,1,1,399,1,1,1
8,0,2,3,3,246,1,0,0
8,0,2,3,3,150,1,1,1
8,0,2,3,3,396,1,1,1
8,0,2,3,3,248,1,1,1
8,0,2,3,3,301,1,1,1
8,0,2,3,3,353,1,0,0
8,0,2,3,3,190,1,1,1
8,0,2,3,3,155,1,1,1
8,0,2,3,3,199,1,0,0
8,0,2,3,3,539,0,0,1
8,0,2,3,3,1145,0,0,1
8,0,2,3,3,270,1,1,1
8,0,2,3,3,221,1,1,1
8,0,2,3,3,378,1,1,1
8,0,2,3,3,331,1,1,1
8,0,2,3,3,598,1,1,1
8,0,2,3,3,858,0,0,1
8,0,2,3,3,189,0,1,0
8,0,2,3,3,494,0,0,1
8,0,3,1,1,433,1,1,1
8,0,3,1,1,106,0,0,1
8,0,3,1,1,321,0,1,0
8,0,3,1,1,312,0,1,0
8,0,3,1,1,305,0,0,1
8,0,3,1,1,199,1,1,1
8,0,3,1,1,215,1,1,1
8,0,3,1,1,33,1,1,1
8,0,3,1,1,211,1,1,1
8,0,3,1,1,623,1,1,1
8,0,3,1,1,536,1,1,1
8,0,3,1,1,143,1,1,1
8,0,3,1,1,35,1,1,1
8,0,3,1,1,51,1,1,1
8,0,3,1,1,484,0,0,1
8,0,3,1,1,303,1,1,1
8,0,3,1,1,814,1,1,1
8,0,3,1,1,693,1,1,1
8,0,3,1,1,413,1,1,1
8,0,3,1,1,68,1,1,1
8,0,4,3,3,493,0,0,1
8,0,4,3,3,460,1,1,1
8,0,4,3,3,768,1,1,1
8,0,4,3,3,725,1,1,1
8,0,4,3,3,777,1,1,1
8,0,4,3,3,289,1,0,0
8,0,4,3,3,463,0,1,0
8,0,4,3,3,241,1,1,1
8,0,4,3,3,269,1,1,1
8,0,4,3,3,268,1,0,0
8,0,4,3,3,238,1,1,1
8,0,4,3,3,299,1,1,1
8,0,4,3,3,261,1,1,1
8,0,4,3,3,261,0,1,0
8,0,4,3,3,217,1,0,0
8,0,4,3,3,1426,0,1,0
8,0,4,3,3,806,0,0,1
8,0,4,3,3,438,1,0,0
8,0,5,1,1,92,0,0,1
8,0,5,1,1,257,1,1,1
8,0,5,1,1,88,1,1,1
8,0,5,1,1,259,1,1,1
8,0,5,1,1,147,1,1,1
8,0,5,1,1,74,1,1,1
8,0,5,1,1,241,0,0,1
8,0,5,1,1,250,0,0,1
8,0,5,1,1,353,1,1,1
8,0,5,1,1,449,1,1,1
8,0,5,1,1,203,1,1,1
8,0,5,1,1,246,0,0,1
8,0,5,1,1,247,1,1,1
8,0,5,1,1,437,0,0,1
8,0,5,1,1,243,1,1,1
8,0,5,1,1,246,1,1,1
8,0,5,1,1,374,1,1,1
8,0,5,1,1,606,1,1,1
8,0,5,1,1,173,1,1,1
8,0,5,1,1,317,1,1,1
8,0,6,3,3,538,1,1,1
8,0,6,3,3,707,1,1,1
8,0,6,3,3,215,1,1,1
8,0,6,3,3,1060,1,1,1
8,0,6,3,3,375,0,0,1
8,0,6,3,3,357,0,0,1
8,0,6,3,3,885,1,1,1
8,0,6,3,3,288,1,1,1
8,0,6,3,3,435,1,0,0
8,0,6,3,3,531,0,0,1
8,0,6,3,3,810,0,1,0
8,0,6,3,3,465,1,1,1
8,0,6,3,3,930,1,0,0
8,0,6,3,3,539,1,0,0
8,0,6,3,3,626,0,0,1
8,0,6,3,3,995,1,1,1
8,0,6,3,3,691,1,1,1
8,0,6,3,3,520,1,0,0
8,0,6,3,3,448,1,1,1
8,0,7,1,1,64,1,1,1
8,0,7,1,1,186,1,1,1
8,0,7,1,1,52,1,1,1
8,0,7,1,1,481,1,1,1
8,0,7,1,1,3,1,1,1
8,0,7,1,1,112,1,1,1
8,0,7,1,1,135,0,0,1
8,0,7,1,1,629,1,1,1
8,0,7,1,1,286,1,1,1
8,0,7,1,1,219,0,0,1
8,0,7,1,1,39,0,0,1
8,0,7,1,1,260,1,1,1
8,0,7,1,1,713,1,1,1
8,0,7,1,1,267,0,0,1
8,0,7,1,1,222,1,1,1
8,0,7,1,1,268,1,1,1
8,0,7,1,1,339,1,1,1
8,0,7,1,1,252,1,1,1
8,0,7,1,1,232,0,0,1
8,0,7,1,1,267,1,1,1
8,0,8,3,3,179,1,1,1
8,0,8,3,3,90,1,1,1
8,0,8,3,3,785,1,0,0
8,0,8,3,3,214,1,1,1
8,0,8,3,3,607,1,1,1
8,0,8,3,3,713,0,0,1
8,0,8,3,3,713,0,0,1
8,0,8,3,3,343,1,1,1
8,0,8,3,3,1111,1,0,0
8,0,8,3,3,296,1,1,1
8,0,8,3,3,285,0,1,0
8,0,8,3,3,258,1,0,0
8,0,8,3,3,813,1,1,1
8,0,8,3,3,1298,0,1,0
8,0,8,3,3,330,1,0,0
8,0,8,3,3,179,1,1,1
8,0,8,3,3,371,1,0,0
8,0,8,3,3,364,0,1,0
8,0,10,1,1,212,0,0,1
8,0,10,1,1,338,1,1,1
8,0,10,1,1,436,1,1,1
8,0,10,1,1,4,1,1,1
8,0,10,1,1,214,0,0,1
8,0,10,1,1,392,1,1,1
8,0,10,1,1,270,0,0,1
8,0,10,1,1,286,1,1,1
8,0,10,1,1,220,1,1,1
8,0,10,1,1,235,1,0,0
8,0,10,1,1,305,1,1,1
8,0,10,1,1,496,1,1,1
8,0,10,1,1,133,1,1,1
8,0,10,1,1,273,0,1,0
8,0,10,1,1,212,0,0,1
8,0,10,1,1,402,1,1,1
8,0,10,1,1,425,1,1,1
8,0,10,1,1,317,1,1,1
8,0,10,1,1,205,1,1,1
8,0,10,1,1,345,1,1,1
8,0,10,1,1,250,1,1,1
8,0,11,3,3,68,1,1,1
8,0,11,3,3,308,1,1,1
8,0,11,3,3,613,0,0,1
8,0,11,3,3,1130,1,0,0
8,0,11,3,3,649,1,1,1
8,0,11,3,3,377,1,1,1
8,0,11,3,3,285,1,1,1
8,0,11,3,3,431,1,1,1
8,0,11,3,3,218,1,0,0
8,0,11,3,3,1265,1,1,1
8,0,11,3,3,986,1,0,0
8,0,11,3,3,435,1,1,1
8,0,11,3,3,318,1,1,1
8,0,11,3,3,459,0,0,1
8,0,11,3,3,214,1,1,1
8,0,11,3,3,475,0,0,1
8,0,11,3,3,151,1,1,1
8,0,11,3,3,222,0,1,0
8,0,11,3,3,223,0,0,1
8,0,12,3,3,155,1,1,1
8,0,12,3,3,404,0,0,1
8,0,12,3,3,700,0,0,1
8,0,12,3,3,188,1,1,1
8,0,12,3,3,207,1,1,1
8,0,12,3,3,830,1,1,1
8,0,12,3,3,1039,1,1,1
8,0,12,3,3,534,1,1,1
8,0,12,3,3,268,1,0,0
8,0,12,3,3,283,1,1,1
8,0,12,3,3,346,1,1,1
8,0,12,3,3,410,1,0,0
8,0,12,3,3,124,1,1,1
8,0,12,3,3,421,0,0,1
8,0,12,3,3,240,1,1,1
8,0,12,3,3,659,0,0,1
8,0,12,3,3,576,1,0,0
8,0,12,3,3,551,0,0,1
8,0,12,3,3,204,1,1,1
8,0,13,1,1,409,1,1,1
8,0,13,1,1,470,1,1,1
8,0,13,1,1,102,1,1,1
8,0,13,1,1,256,1,1,1
8,0,13,1,1,207,1,1,1
8,0,13,1,1,216,1,1,1
8,0,13,1,1,116,1,1,1
8,0,13,1,1,132,1,1,1
8,0,13,1,1,928,0,1,0
8,0,13,1,1,375,0,0,1
8,0,13,1,1,286,1,1,1
8,0,13,1,1,161,1,1,1
8,0,13,1,1,193,1,1,1
8,0,13,1,1,218,1,1,1
8,0,13,1,1,428,1,1,1
8,0,13,1,1,291,0,0,1
8,0,13,1,1,527,1,1,1
8,0,13,1,1,744,0,1,0
8,0,13,1,1,388,1,1,1
8,0,13,1,1,371,0,0,1
8,0,13,1,1,237,1,1,1
8,0,14,3,3,319,1,1,1
8,0,14,3,3,589,1,0,0
8,0,14,3,3,107,1,1,1
8,0,14,3,3,437,0,0,1
8,0,14,3,3,276,1,1,1
8,0,14,3,3,188,1,1,1
8,0,14,3,3,307,1,1,1
8,0,14,3,3,454,1,1,1
8,0,14,3,3,336,0,0,1
8,0,14,3,3,488,1,1,1
8,0,14,3,3,1039,1,1,1
8,0,14,3,3,412,1,1,1
8,0,14,3,3,313,1,1,1
8,0,14,3,3,341,1,0,0
8,0,14,3,3,389,1,0,0
8,0,14,3,3,140,0,1,0
8,0,14,3,3,133,0,1,0
8,0,14,3,3,260,1,0,0
8,0,14,3,3,529,0,0,1
8,0,15,1,1,11,0,0,1
8,0,15,1,1,300,0,0,1
8,0,15,1,1,67,1,1,1
8,0,15,1,1,215,1,1,1
8,0,15,1,1,122,1,1,1
8,0,15,1,1,128,1,1,1
8,0,15,1,1,65,1,1,1
8,0,15,1,1,134,1,1,1
8,0,15,1,1,46,1,1,1
8,0,15,1,1,163,0,0,1
8,0,15,1,1,279,1,1,1
8,0,15,1,1,359,1,1,1
8,0,15,1,1,421,1,1,1
8,0,15,1,1,90,1,1,1
8,0,15,1,1,111,1,1,1
8,0,15,1,1,542,0,0,1
8,0,15,1,1,470,1,1,1
8,0,15,1,1,303,0,0,1
8,0,15,1,1,239,1,1,1
8,0,15,1,1,316,1,1,1
8,0,15,1,1,242,1,1,1
8,0,16,3,3,221,0,1,0
8,0,16,3,3,84,0,1,0
8,0,16,3,3,499,0,1,0
8,0,16,3,3,277,0,1,0
8,0,16,3,3,507,0,1,0
8,0,16,3,3,365,0,0,1
8,0,16,3,3,484,0,0,1
8,0,16,3,3,316,0,0,1
8,0,16,3,3,14,0,1,0
8,0,16,3,3,629,0,1,0
8,0,16,3,3,690,0,1,0
8,0,16,3,3,914,0,0,1
8,0,16,3,3,434,0,1,0
8,0,16,3,3,461,0,1,0
8,0,16,3,3,948,0,0,1
8,0,16,3,3,365,0,1,0
8,0,16,3,3,35,0,1,0
8,0,16,3,3,285,0,0,1
8,0,17,1,1,96,0,0,1
8,0,17,1,1,238,1,1,1
8,0,17,1,1,484,1,1,1
8,0,17,1,1,195,0,0,1
8,0,17,1,1,233,1,1,1
8,0,17,1,1,268,0,0,1
8,0,17,1,1,186,1,1,1
8,0,17,1,1,243,1,1,1
8,0,17,1,1,37,1,1,1
8,0,17,1,1,59,1,1,1
8,0,17,1,1,208,0,0,1
8,0,17,1,1,527,1,1,1
8,0,17,1,1,300,1,1,1
8,0,17,1,1,336,0,0,1
8,0,17,1,1,27,1,1,1
8,0,17,1,1,190,1,1,1
8,0,17,1,1,61,1,1,1
8,0,17,1,1,134,1,1,1
8,0,17,1,1,316,1,1,1
8,0,17,1,1,291,1,1,1
8,0,17,1,1,747,1,1,1
11,0,1,1,1,318,1,1,1
11,0,1,1,1,98,1,1,1
11,0,1,1,1,271,1,1,1
11,0,1,1,1,134,0,0,1
11,0,1,1,1,71,1,1,1
11,0,1,1,1,396,1,1,1
11,0,1,1,1,12,1,1,1
11,0,1,1,1,115,0,0,1
11,0,1,1,1,339,0,0,1
11,0,1,1,1,77,1,1,1
11,0,1,1,1,265,1,1,1
11,0,1,1,1,35,0,1,0
11,0,1,1,1,107,0,0,1
11,0,1,1,1,456,1,1,1
11,0,1,1,1,87,1,1,1
11,0,1,1,1,44,1,1,1
11,0,1,1,1,203,1,1,1
11,0,1,1,1,84,1,1,1
11,0,1,1,1,400,1,1,1
11,0,2,3,3,552,1,0,0
11,0,2,3,3,975,1,1,1
11,0,2,3,3,1173,1,1,1
11,0,2,3,3,784,1,1,1
11,0,2,3,3,762,1,1,1
11,0,2,3,3,83,1,0,0
11,0,2,3,3,66,1,1,1
11,0,2,3,3,109,1,1,1
11,0,2,3,3,399,1,1,1
11,0,2,3,3,429,0,0,1
11,0,2,3,3,109,0,0,1
11,0,2,3,3,472,1,1,1
11,0,2,3,3,555,1,1,1
11,0,2,3,3,526,1,1,1
11,0,2,3,3,45,1,1,1
11,0,2,3,3,448,0,0,1
11,0,2,3,3,102,0,0,1
11,0,2,3,3,445,0,0,1
11,0,3,1,1,799,1,1,1
11,0,3,1,1,498,1,1,1
11,0,3,1,1,84,0,0,1
11,0,3,1,1,71,0,1,0
11,0,3,1,1,76,0,0,1
11,0,3,1,1,90,1,1,1
11,0,3,1,1,466,1,1,1
11,0,3,1,1,401,1,1,1
11,0,3,1,1,385,1,1,1
11,0,3,1,1,34,1,1,1
11,0,3,1,1,421,1,1,1
11,0,3,1,1,475,1,1,1
11,0,3,1,1,372,1,1,1
11,0,3,1,1,286,0,1,0
11,0,3,1,1,119,1,1,1
11,0,3,1,1,386,1,1,1
11,0,3,1,1,438,1,1,1
11,0,4,3,3,95,1,1,1
11,0,4,3,3,270,0,0,1
11,0,4,3,3,304,1,1,1
11,0,4,3,3,285,1,1,1
11,0,4,3,3,371,1,1,1
11,0,4,3,3,142,1,1,1
11,0,4,3,3,54,1,1,1
11,0,4,3,3,217,0,0,1
11,0,4,3,3,53,1,1,1
11,0,4,3,3,1169,1,1,1
11,0,4,3,3,198,1,1,1
11,0,4,3,3,97,1,1,1
11,0,4,3,3,476,1,1,1
11,0,4,3,3,255,1,1,1
11,0,4,3,3,200,0,0,1
11,0,4,3,3,166,0,0,1
11,0,4,3,3,483,1,1,1
11,0,5,1,1,719,0,0,1
11,0,5,1,1,568,1,1,1
11,0,5,1,1,444,1,1,1
11,0,5,1,1,375,1,1,1
11,0,5,1,1,446,1,1,1
11,0,5,1,1,82,1,1,1
11,0,5,1,1,405,1,1,1
11,0,5,1,1,83,0,0,1
11,0,5,1,1,104,0,0,1
11,0,5,1,1,462,1,1,1
11,0,5,1,1,87,1,1,1
11,0,5,1,1,426,1,1,1
11,0,5,1,1,103,0,0,1
11,0,5,1,1,436,1,1,1
11,0,5,1,1,349,0,0,1
11,0,5,1,1,161,1,1,1
11,0,5,1,1,202,1,1,1
11,0,5,1,1,265,1,1,1
11,0,5,1,1,114,1,1,1
11,0,5,1,1,496,1,1,1
11,0,5,1,1,82,1,1,1
11,0,6,3,3,482,1,1,1
11,0,6,3,3,227,1,1,1
11,0,6,3,3,133,1,1,1
11,0,6,3,3,192,1,1,1
11,0,6,3,3,107,0,0,1
11,0,6,3,3,1054,0,1,0
11,0,6,3,3,739,1,1,1
11,0,6,3,3,917,1,1,1
11,0,6,3,3,299,1,0,0
11,0,6,3,3,112,1,1,1
11,0,6,3,3,268,1,1,1
11,0,6,3,3,861,1,1,1
11,0,6,3,3,365,0,0,1
11,0,6,3,3,425,1,1,1
11,0,6,3,3,22,1,1,1
11,0,6,3,3,339,1,1,1
11,0,7,1,1,583,1,1,1
11,0,7,1,1,69,1,1,1
11,0,7,1,1,113,1,1,1
11,0,7,1,1,410,1,1,1
11,0,7,1,1,455,1,1,1
11,0,7,1,1,119,1,1,1
11,0,7,1,1,175,0,0,1
11,0,7,1,1,215,1,1,1
11,0,7,1,1,487,1,1,1
11,0,7,1,1,158,0,0,1
11,0,7,1,1,473,0,0,1
11,0,7,1,1,446,1,1,1
11,0,7,1,1,491,0,1,0
11,0,7,1,1,489,1,1,1
11,0,7,1,1,80,1,1,1
11,0,7,1,1,5,1,1,1
11,0,7,1,1,22,1,1,1
11,0,7,1,1,466,1,1,1
11,0,7,1,1,36,0,1,0
11,0,7,1,1,278,1,1,1
11,0,8,3,3,486,1,1,1
11,0,8,3,3,157,1,1,1
11,0,8,3,3,425,1,1,1
11,0,8,3,3,81,1,0,0
11,0,8,3,3,305,0,0,1
11,0,8,3,3,402,0,0,1
11,0,8,3,3,477,1,1,1
11,0,8,3,3,285,1,1,1
11,0,8,3,3,540,1,1,1
11,0,8,3,3,278,0,1,0
11,0,8,3,3,310,1,1,1
11,0,8,3,3,12,1,1,1
11,0,8,3,3,389,0,0,1
11,0,8,3,3,761,1,1,1
11,0,8,3,3,639,1,0,0
11,0,8,3,3,605,1,1,1
11,0,8,3,3,600,0,1,0
11,0,10,1,1,278,0,0,1
11,0,10,1,1,147,1,1,1
11,0,10,1,1,20,0,0,1
11,0,10,1,1,429,1,1,1
11,0,10,1,1,149,0,0,1
11,0,10,1,1,82,1,1,1
11,0,10,1,1,379,1,1,1
11,0,10,1,1,382,1,1,1
11,0,10,1,1,36,1,1,1
11,0,10,1,1,484,1,1,1
11,0,10,1,1,54,0,1,0
11,0,10,1,1,413,0,0,1
11,0,10,1,1,455,1,1,1
11,0,10,1,1,348,1,1,1
11,0,10,1,1,439,1,1,1
11,0,10,1,1,27,1,1,1
11,0,11,3,3,247,1,1,1
11,0,11,3,3,117,1,1,1
11,0,11,3,3,452,0,0,1
11,0,11,3,3,729,1,1,1
11,0,11,3,3,278,1,1,1
11,0,11,3,3,723,1,1,1
11,0,11,3,3,260,1,1,1
11,0,11,3,3,498,1,1,1
11,0,11,3,3,451,1,1,1
11,0,11,3,3,172,1,1,1
11,0,11,3,3,450,1,1,1
11,0,11,3,3,114,1,1,1
11,0,11,3,3,84,1,1,1
11,0,11,3,3,319,0,0,1
11,0,11,3,3,964,1,1,1
11,0,11,3,3,781,0,0,1
11,0,11,3,3,643,1,1,1
11,0,11,3,3,112,0,0,1
11,0,11,3,3,456,0,0,1
11,0,12,3,3,557,1,1,1
11,0,12,3,3,1416,0,1,0
11,0,12,3,3,238,0,0,1
11,0,12,3,3,684,1,1,1
11,0,12,3,3,411,1,1,1
11,0,12,3,3,160,1,1,1
11,0,12,3,3,385,1,1,1
11,0,12,3,3,284,1,1,1
11,0,12,3,3,19,1,1,1
11,0,12,3,3,513,1,1,1
11,0,12,3,3,580,1,1,1
11,0,12,3,3,372,0,0,1
11,0,12,3,3,438,1,1,1
11,0,12,3,3,116,0,0,1
11,0,12,3,3,408,1,0,0
11,0,12,3,3,374,0,1,0
11,0,13,1,1,160,1,1,1
11,0,13,1,1,449,1,1,1
11,0,13,1,1,497,1,1,1
11,0,13,1,1,366,1,1,1
11,0,13,1,1,372,1,1,1
11,0,13,1,1,46,1,1,1
11,0,13,1,1,425,1,1,1
11,0,13,1,1,452,0,1,0
11,0,13,1,1,94,0,0,1
11,0,13,1,1,58,1,1,1
11,0,13,1,1,428,1,1,1
11,0,13,1,1,288,1,1,1
11,0,13,1,1,907,1,1,1
11,0,13,1,1,408,1,1,1
11,0,13,1,1,403,0,0,1
11,0,13,1,1,494,1,1,1
11,0,13,1,1,33,0,1,0
11,0,13,1,1,313,1,1,1
11,0,13,1,1,437,0,0,1
11,0,14,3,3,205,1,1,1
11,0,14,3,3,172,1,1,1
11,0,14,3,3,70,1,1,1
11,0,14,3,3,49,0,0,1
11,0,14,3,3,90,1,1,1
11,0,14,3,3,245,1,1,1
11,0,14,3,3,232,1,1,1
11,0,14,3,3,162,1,1,1
11,0,14,3,3,357,1,1,1
11,0,14,3,3,325,1,1,1
11,0,14,3,3,996,1,1,1
11,0,14,3,3,324,1,1,1
11,0,14,3,3,339,1,0,0
11,0,14,3,3,319,0,0,1
11,0,14,3,3,386,0,0,1
11,0,14,3,3,245,1,1,1
11,0,14,3,3,218,0,0,1
11,0,15,1,1,214,0,0,1
11,0,15,1,1,235,0,0,1
11,0,15,1,1,37,1,1,1
11,0,15,1,1,232,1,1,1
11,0,15,1,1,466,1,1,1
11,0,15,1,1,364,1,1,1
11,0,15,1,1,434,1,1,1
11,0,15,1,1,259,0,0,1
11,0,15,1,1,397,1,1,1
11,0,15,1,1,788,1,0,0
11,0,15,1,1,363,1,1,1
11,0,15,1,1,268,1,1,1
11,0,15,1,1,489,1,1,1
11,0,15,1,1,294,0,0,1
11,0,15,1,1,131,1,1,1
11,0,15,1,1,1,0,0,1
11,0,15,1,1,36,1,1,1
11,0,15,1,1,42,1,1,1
11,0,15,1,1,89,1,1,1
11,0,16,3,3,440,0,1,0
11,0,16,3,3,676,0,1,0
11,0,16,3,3,290,0,1,0
11,0,16,3,3,244,0,1,0
11,0,16,3,3,34,0,1,0
11,0,16,3,3,463,0,1,0
11,0,16,3,3,227,0,1,0
11,0,16,3,3,228,0,1,0
11,0,16,3,3,239,0,0,1
11,0,16,3,3,940,0,1,0
11,0,16,3,3,101,0,1,0
11,0,16,3,3,10,0,1,0
11,0,16,3,3,56,0,1,0
11,0,16,3,3,168,0,1,0
11,0,16,3,3,219,0,0,1
11,0,16,3,3,1318,0,1,0
11,0,16,3,3,364,0,1,0
11,0,16,3,3,592,0,1,0
11,0,16,3,3,463,0,1,0
11,0,17,1,1,774,0,0,1
11,0,17,1,1,1188,1,1,1
11,0,17,1,1,93,1,1,1
11,0,17,1,1,30,0,0,1
11,0,17,1,1,135,1,1,1
11,0,17,1,1,205,0,0,1
11,0,17,1,1,407,1,1,1
11,0,17,1,1,354,1,1,1
11,0,17,1,1,88,1,1,1
11,0,17,1,1,462,1,1,1
11,0,17,1,1,66,0,0,1
11,0,17,1,1,425,1,1,1
11,0,17,1,1,133,0,0,1
11,0,17,1,1,243,1,1,1
11,0,17,1,1,905,1,1,1
11,0,17,1,1,157,1,1,1
11,0,17,1,1,97,1,1,1
11,0,17,1,1,124,1,1,1