Subject,Is_Calming_Music,Trial_Number,Difficulty,Letter_Ascii,Response_Time,Correct_Response,Actual_Response,Answered_Correctly
3,1,1,1,65,1432,1,1,1
3,1,1,1,69,825,1,1,1
3,1,1,1,69,631,0,0,1
3,1,1,1,69,531,0,0,1
3,1,1,1,79,421,1,1,1
3,1,1,1,65,849,0,1,0
3,1,1,1,65,1141,0,1,0
3,1,1,1,72,922,1,1,1
3,1,1,1,74,387,1,1,1
3,1,1,1,68,344,1,1,1
3,1,1,1,66,473,1,1,1
3,1,1,1,76,668,1,1,1
3,1,1,1,86,290,1,1,1
3,1,1,1,86,209,0,0,1
3,1,1,1,78,282,1,1,1
3,1,1,1,86,797,1,1,1
3,1,1,1,76,426,1,1,1
3,1,1,1,65,350,1,1,1
3,1,1,1,69,290,1,1,1
3,1,1,1,74,757,1,1,1
3,1,1,1,83,392,1,1,1
3,1,2,3,67,442,1,1,1
3,1,2,3,78,765,1,1,1
3,1,2,3,80,1063,1,1,1
3,1,2,3,78,1147,1,1,1
3,1,2,3,80,623,0,1,0
3,1,2,3,67,462,0,0,1
3,1,2,3,78,410,0,1,0
3,1,2,3,81,892,1,1,1
3,1,2,3,77,544,1,1,1
3,1,2,3,72,555,1,1,1
3,1,2,3,81,325,0,0,1
3,1,2,3,88,529,1,1,1
3,1,2,3,78,822,1,1,1
3,1,2,3,90,532,1,1,1
3,1,2,3,70,457,1,1,1
3,1,2,3,67,815,1,1,1
3,1,2,3,72,356,1,1,1
3,1,3,3,73,289,1,1,1
3,1,3,3,88,1378,1,0,0
3,1,3,3,77,840,0,0,1
3,1,3,3,80,629,1,1,1
3,1,3,3,83,560,1,1,1
3,1,3,3,65,876,1,0,0
3,1,3,3,78,759,1,1,1
3,1,3,3,87,191,1,1,1
3,1,3,3,86,552,1,1,1
3,1,3,3,65,465,1,1,1
3,1,3,3,87,381,0,0,1
3,1,3,3,66,163,1,1,1
3,1,3,3,65,301,0,0,1
3,1,3,3,89,271,1,1,1
3,1,3,3,66,322,0,1,0
3,1,3,3,65,519,0,0,1
3,1,3,3,82,477,1,1,1
3,1,3,3,80,998,1,1,1
3,1,3,3,67,859,1,1,1
3,1,4,1,73,198,1,1,1
3,1,4,1,81,293,1,1,1
3,1,4,1,72,112,1,1,1
3,1,4,1,67,97,1,1,1
3,1,4,1,78,127,1,1,1
3,1,4,1,86,389,1,1,1
3,1,4,1,89,333,1,1,1
3,1,4,1,89,267,0,0,1
3,1,4,1,75,275,1,1,1
3,1,4,1,75,336,0,0,1
3,1,4,1,73,472,1,1,1
3,1,4,1,73,202,0,0,1
3,1,4,1,79,433,1,1,1
3,1,4,1,69,647,1,1,1
3,1,4,1,68,369,1,1,1
3,1,4,1,86,298,1,1,1
3,1,4,1,86,665,0,0,1
3,1,4,1,78,376,1,1,1
3,1,4,1,78,264,0,0,1
3,1,4,1,68,259,1,1,1
3,1,4,1,87,385,1,1,1
3,1,5,3,89,206,1,1,1
3,1,5,3,82,601,1,1,1
3,1,5,3,73,674,1,1,1
3,1,5,3,89,793,0,0,1
3,1,5,3,78,1194,1,1,1
3,1,5,3,89,935,1,0,0
3,1,5,3,88,359,1,1,1
3,1,5,3,70,822,1,1,1
3,1,5,3,85,650,1,1,1
3,1,5,3,72,765,0,1,0
3,1,5,3,85,942,1,1,1
3,1,5,3,85,507,1,0,0
3,1,5,3,72,819,0,0,1
3,1,5,3,87,1092,1,1,1
3,1,5,3,85,1160,0,1,0
3,1,5,3,72,1007,0,0,1
3,1,5,3,70,527,1,1,1
3,1,5,3,73,624,1,1,1
3,1,5,3,86,774,1,1,1
3,1,6,1,82,216,1,1,1
3,1,6,1,79,155,1,1,1
3,1,6,1,80,158,1,1,1
3,1,6,1,80,284,0,0,1
3,1,6,1,80,200,0,0,1
3,1,6,1,85,245,1,1,1
3,1,6,1,90,195,1,1,1
3,1,6,1,85,457,1,1,1
3,1,6,1,77,712,1,1,1
3,1,6,1,77,287,0,0,1
3,1,6,1,87,130,1,1,1
3,1,6,1,73,311,1,1,1
3,1,6,1,70,510,1,1,1
3,1,6,1,77,562,1,1,1
3,1,6,1,65,157,1,1,1
3,1,6,1,71,285,1,1,1
3,1,6,1,71,654,0,1,0
3,1,6,1,82,768,1,1,1
3,1,6,1,81,210,1,1,1
3,1,6,1,82,335,0,1,0
3,1,6,1,81,358,1,0,0
3,1,7,1,82,80,1,1,1
3,1,7,1,86,283,1,1,1
3,1,7,1,86,230,0,0,1
3,1,7,1,79,204,1,1,1
3,1,7,1,65,159,1,1,1
3,1,7,1,67,204,1,1,1
3,1,7,1,78,221,1,1,1
3,1,7,1,89,47,1,1,1
3,1,7,1,86,326,1,1,1
3,1,7,1,86,3,0,0,1
3,1,7,1,74,688,1,1,1
3,1,7,1,85,221,1,1,1
3,1,7,1,85,71,0,0,1
3,1,7,1,89,50,1,1,1
3,1,7,1,89,660,0,1,0
3,1,7,1,74,325,1,1,1
3,1,7,1,73,403,1,1,1
3,1,7,1,83,313,1,1,1
3,1,7,1,85,247,1,0,0
3,1,7,1,80,75,1,1,1
3,1,8,3,65,460,0,0,1
3,1,8,3,78,637,1,1,1
3,1,8,3,87,1036,1,1,1
3,1,8,3,67,769,1,1,1
3,1,8,3,76,497,1,0,0
3,1,8,3,87,716,0,0,1
3,1,8,3,85,457,1,1,1
3,1,8,3,83,686,1,1,1
3,1,8,3,87,403,0,0,1
3,1,8,3,89,430,1,1,1
3,1,8,3,70,1003,1,1,1
3,1,8,3,76,433,1,0,0
3,1,8,3,89,420,0,1,0
3,1,8,3,85,541,1,1,1
3,1,8,3,76,470,1,0,0
3,1,8,3,73,326,1,1,1
3,1,8,3,66,521,1,1,1
3,1,8,3,84,597,1,1,1
3,1,10,3,74,212,1,1,1
3,1,10,3,90,493,1,1,1
3,1,10,3,81,611,1,1,1
3,1,10,3,87,422,1,1,1
3,1,10,3,75,232,1,1,1
3,1,10,3,81,587,1,1,1
3,1,10,3,83,360,1,0,0
3,1,10,3,77,458,1,1,1
3,1,10,3,81,816,1,1,1
3,1,10,3,83,1067,0,1,0
3,1,10,3,70,824,0,1,0
3,1,10,3,81,196,0,0,1
3,1,10,3,88,823,1,1,1
3,1,10,3,70,1068,0,0,1
3,1,10,3,75,817,1,1,1
3,1,10,3,88,1186,1,0,0
3,1,10,3,75,539,1,0,0
3,1,10,3,82,727,1,1,1
3,1,10,3,88,840,0,1,0
3,1,11,1,66,2,0,0,1
3,1,11,1,86,166,1,1,1
3,1,11,1,80,285,1,1,1
3,1,11,1,80,57,0,0,1
3,1,11,1,81,625,1,1,1
3,1,11,1,69,250,1,1,1
3,1,11,1,69,229,0,0,1
3,1,11,1,77,304,1,1,1
3,1,11,1,77,1034,0,1,0
3,1,11,1,77,238,0,0,1
3,1,11,1,84,806,1,0,0
3,1,11,1,69,643,1,1,1
3,1,11,1,82,526,1,1,1
3,1,11,1,88,556,1,1,1
3,1,11,1,69,423,1,1,1
3,1,11,1,76,232,1,1,1
3,1,11,1,66,174,1,1,1
3,1,11,1,82,328,1,1,1
3,1,11,1,87,314,1,1,1
3,1,11,1,87,213,0,0,1
3,1,11,1,73,62,1,1,1
3,1,12,1,84,207,1,1,1
3,1,12,1,72,460,1,1,1
3,1,12,1,72,734,0,0,1
3,1,12,1,89,203,1,1,1
3,1,12,1,71,232,1,1,1
3,1,12,1,71,331,0,0,1
3,1,12,1,71,116,0,0,1
3,1,12,1,89,17,1,1,1
3,1,12,1,87,200,1,1,1
3,1,12,1,87,203,0,0,1
3,1,12,1,85,704,1,1,1
3,1,12,1,65,376,1,1,1
3,1,12,1,85,656,1,0,0
3,1,12,1,82,295,1,1,1
3,1,12,1,87,315,1,1,1
3,1,12,1,80,230,1,1,1
3,1,12,1,81,186,1,1,1
3,1,12,1,67,122,1,1,1
3,1,12,1,65,378,1,1,1
3,1,12,1,65,48,0,0,1
3,1,12,1,76,135,1,1,1
3,1,13,3,74,376,1,1,1
3,1,13,3,86,269,1,1,1
3,1,13,3,78,232,1,1,1
3,1,13,3,74,461,1,0,0
3,1,13,3,86,375,0,1,0
3,1,13,3,78,1002,0,1,0
3,1,13,3,85,506,1,0,0
3,1,13,3,86,787,0,1,0
3,1,13,3,69,808,1,1,1
3,1,13,3,68,927,1,1,1
3,1,13,3,88,853,1,1,1
3,1,13,3,81,621,1,1,1
3,1,13,3,79,520,1,1,1
3,1,13,3,88,290,0,0,1
3,1,13,3,78,1222,1,0,0
3,1,13,3,79,616,0,0,1
3,1,13,3,80,294,1,1,1
3,1,13,3,84,555,1,1,1
3,1,13,3,87,421,1,1,1
3,1,14,3,88,451,0,0,1
3,1,14,3,75,438,0,0,1
3,1,14,3,74,451,1,1,1
3,1,14,3,77,336,1,1,1
3,1,14,3,71,1014,1,1,1
3,1,14,3,89,610,1,1,1
3,1,14,3,77,358,1,0,0
3,1,14,3,75,673,1,1,1
3,1,14,3,69,541,1,1,1
3,1,14,3,83,579,1,1,1
3,1,14,3,75,277,0,0,1
3,1,14,3,69,735,0,0,1
3,1,14,3,70,260,1,1,1
3,1,14,3,80,367,1,1,1
3,1,14,3,74,1041,1,1,1
3,1,14,3,70,1177,0,1,0
3,1,14,3,78,1231,1,1,1
3,1,14,3,76,907,1,1,1
3,1,14,3,84,823,1,1,1
3,1,15,1,74,314,1,1,1
3,1,15,1,85,299,1,1,1
3,1,15,1,74,609,1,1,1
3,1,15,1,74,425,0,1,0
3,1,15,1,74,367,0,0,1
3,1,15,1,75,481,1,1,1
3,1,15,1,75,369,1,0,0
3,1,15,1,70,628,1,1,1
3,1,15,1,70,254,0,0,1
3,1,15,1,77,859,1,1,1
3,1,15,1,66,388,1,1,1
3,1,15,1,79,836,1,1,1
3,1,15,1,66,581,1,0,0
3,1,15,1,87,795,1,1,1
3,1,15,1,90,341,1,1,1
3,1,15,1,90,324,0,0,1
3,1,15,1,89,248,1,1,1
3,1,15,1,90,372,1,0,0
3,1,15,1,69,465,1,1,1
3,1,15,1,65,315,1,1,1
3,1,15,1,65,143,0,0,1
3,1,16,3,86,605,1,1,1
3,1,16,3,88,430,1,0,0
3,1,16,3,89,429,1,1,1
3,1,16,3,71,676,1,1,1
3,1,16,3,65,299,1,1,1
3,1,16,3,67,294,1,1,1
3,1,16,3,71,136,0,0,1
3,1,16,3,79,399,0,1,0
3,1,16,3,76,478,1,1,1
3,1,16,3,72,547,1,1,1
3,1,16,3,79,211,0,0,1
3,1,16,3,89,245,1,1,1
3,1,16,3,72,977,0,0,1
3,1,16,3,73,391,1,1,1
3,1,16,3,78,518,1,1,1
3,1,16,3,73,91,1,0,0
3,1,16,3,68,454,1,1,1
3,1,16,3,78,516,0,1,0
3,1,16,3,87,1017,1,1,1
3,1,17,1,84,279,1,1,1
3,1,17,1,72,277,1,1,1
3,1,17,1,72,1014,0,1,0
3,1,17,1,89,828,1,1,1
3,1,17,1,71,329,1,1,1
3,1,17,1,71,208,0,0,1
3,1,17,1,71,85,0,0,1
3,1,17,1,89,55,1,1,1
3,1,17,1,87,611,1,1,1
3,1,17,1,87,195,0,0,1
3,1,17,1,85,361,1,1,1
3,1,17,1,65,266,1,1,1
3,1,17,1,85,564,1,1,1
3,1,17,1,82,315,1,1,1
3,1,17,1,87,367,1,1,1
3,1,17,1,80,110,1,1,1
3,1,17,1,81,141,1,1,1
3,1,17,1,67,285,1,1,1
3,1,17,1,65,23,1,1,1
3,1,17,1,65,239,0,1,0
3,1,17,1,76,26,1,1,1
4,1,1,1,65,838,1,1,1
4,1,1,1,69,374,1,1,1
4,1,1,1,69,405,0,0,1
4,1,1,1,69,39,0,0,1
4,1,1,1,79,190,1,1,1
4,1,1,1,65,272,0,0,1
4,1,1,1,65,486,0,1,0
4,1,1,1,72,165,1,0,0
4,1,1,1,74,310,1,1,1
4,1,1,1,68,443,1,1,1
4,1,1,1,66,184,1,1,1
4,1,1,1,76,95,1,1,1
4,1,1,1,86,86,1,1,1
4,1,1,1,86,92,0,0,1
4,1,1,1,78,42,1,1,1
4,1,1,1,86,94,1,1,1
4,1,1,1,76,378,1,1,1
4,1,1,1,65,162,1,1,1
4,1,1,1,69,444,1,1,1
4,1,1,1,74,310,1,1,1
4,1,1,1,83,442,1,1,1
4,1,2,3,67,225,1,1,1
4,1,2,3,78,377,1,1,1
4,1,2,3,80,1182,1,1,1
4,1,2,3,67,1073,0,1,0
4,1,2,3,78,414,1,0,0
4,1,2,3,80,913,0,1,0
4,1,2,3,67,677,0,0,1
4,1,2,3,78,691,0,1,0
4,1,2,3,86,565,1,1,1
4,1,2,3,81,762,1,1,1
4,1,2,3,77,499,1,1,1
4,1,2,3,72,271,1,1,1
4,1,2,3,81,969,0,0,1
4,1,2,3,88,410,1,1,1
4,1,2,3,78,957,1,0,0
4,1,2,3,90,266,1,1,1
4,1,2,3,70,867,1,1,1
4,1,2,3,67,523,1,0,0
4,1,2,3,72,1167,1,0,0
4,1,3,3,73,219,1,1,1
4,1,3,3,88,14,1,0,0
4,1,3,3,77,827,0,0,1
4,1,3,3,80,295,1,1,1
4,1,3,3,83,272,1,0,0
4,1,3,3,65,291,1,1,1
4,1,3,3,78,970,1,0,0
4,1,3,3,87,290,1,1,1
4,1,3,3,86,350,1,1,1
4,1,3,3,65,281,1,0,0
4,1,3,3,87,446,0,0,1
4,1,3,3,66,177,1,1,1
4,1,3,3,65,536,0,0,1
4,1,3,3,89,158,1,1,1
4,1,3,3,66,353,0,0,1
4,1,3,3,82,254,1,1,1
4,1,3,3,80,176,1,1,1
4,1,3,3,67,1078,1,1,1
4,1,4,1,73,1484,1,1,1
4,1,4,1,81,342,1,1,1
4,1,4,1,72,592,1,1,1
4,1,4,1,67,305,1,1,1
4,1,4,1,78,963,1,1,1
4,1,4,1,86,389,1,1,1
4,1,4,1,89,293,1,1,1
4,1,4,1,89,426,0,1,0
4,1,4,1,75,281,1,1,1
4,1,4,1,75,58,0,0,1
4,1,4,1,73,234,1,1,1
4,1,4,1,73,372,0,0,1
4,1,4,1,79,89,1,1,1
4,1,4,1,69,434,1,1,1
4,1,4,1,68,471,1,1,1
4,1,4,1,86,101,1,1,1
4,1,4,1,86,95,0,0,1
4,1,4,1,78,98,1,1,1
4,1,4,1,78,273,0,0,1
4,1,4,1,68,124,1,1,1
4,1,4,1,87,431,1,1,1
4,1,5,3,89,754,1,0,0
4,1,5,3,82,871,1,1,1
4,1,5,3,73,379,1,1,1
4,1,5,3,89,919,0,0,1
4,1,5,3,89,193,1,0,0
4,1,5,3,88,748,1,1,1
4,1,5,3,70,1110,1,0,0
4,1,5,3,85,486,1,0,0
4,1,5,3,72,795,0,0,1
4,1,5,3,85,710,1,1,1
4,1,5,3,85,262,1,0,0
4,1,5,3,72,345,0,1,0
4,1,5,3,87,426,1,1,1
4,1,5,3,85,270,0,0,1
4,1,5,3,72,480,0,0,1
4,1,5,3,70,359,1,0,0
4,1,5,3,73,204,1,1,1
4,1,5,3,86,824,1,0,0
4,1,6,1,82,624,1,0,0
4,1,6,1,79,388,1,0,0
4,1,6,1,80,29,1,1,1
4,1,6,1,80,633,0,0,1
4,1,6,1,80,206,0,0,1
4,1,6,1,85,304,1,1,1
4,1,6,1,85,482,1,1,1
4,1,6,1,77,378,1,1,1
4,1,6,1,77,476,0,0,1
4,1,6,1,87,232,1,1,1
4,1,6,1,73,241,1,1,1
4,1,6,1,71,453,1,1,1
4,1,6,1,71,81,0,0,1
4,1,6,1,82,361,1,1,1
4,1,6,1,81,168,1,1,1
4,1,6,1,82,470,0,1,0
4,1,7,1,82,753,1,1,1
4,1,7,1,86,17,1,1,1
4,1,7,1,86,465,0,0,1
4,1,7,1,79,156,1,1,1
4,1,7,1,65,200,1,1,1
4,1,7,1,67,372,1,1,1
4,1,7,1,78,465,1,1,1
4,1,7,1,89,448,1,1,1
4,1,7,1,86,402,1,1,1
4,1,7,1,86,161,0,0,1
4,1,7,1,74,185,1,1,1
4,1,7,1,85,33,1,1,1
4,1,7,1,85,17,0,0,1
4,1,7,1,85,31,0,0,1
4,1,7,1,89,465,1,1,1
4,1,7,1,89,452,0,0,1
4,1,7,1,74,251,1,1,1
4,1,7,1,73,154,1,1,1
4,1,7,1,83,240,1,1,1
4,1,7,1,85,447,1,1,1
4,1,7,1,80,428,1,1,1
4,1,8,3,76,303,0,0,1
4,1,8,3,65,213,0,0,1
4,1,8,3,78,151,1,1,1
4,1,8,3,87,431,1,1,1
4,1,8,3,67,211,1,1,1
4,1,8,3,76,472,1,0,0
4,1,8,3,87,955,0,0,1
4,1,8,3,85,202,1,1,1
4,1,8,3,83,432,1,1,1
4,1,8,3,87,317,0,0,1
4,1,8,3,89,602,1,0,0
4,1,8,3,70,295,1,1,1
4,1,8,3,76,376,1,0,0
4,1,8,3,89,381,0,0,1
4,1,8,3,85,353,1,1,1
4,1,8,3,76,236,1,0,0
4,1,8,3,73,345,1,1,1
4,1,8,3,66,685,1,1,1
4,1,8,3,84,364,1,1,1
4,1,10,3,74,2,1,1,1
4,1,10,3,90,109,1,1,1
4,1,10,3,81,118,1,1,1
4,1,10,3,87,165,1,1,1
4,1,10,3,75,674,1,1,1
4,1,10,3,81,1200,1,0,0
4,1,10,3,83,458,1,1,1
4,1,10,3,77,389,1,1,1
4,1,10,3,81,1190,1,0,0
4,1,10,3,83,1232,0,0,1
4,1,10,3,70,984,0,1,0
4,1,10,3,81,342,0,0,1
4,1,10,3,88,255,1,1,1
4,1,10,3,70,702,0,0,1
4,1,10,3,88,608,1,0,0
4,1,10,3,75,372,1,1,1
4,1,10,3,82,452,1,1,1
4,1,10,3,88,557,0,0,1
4,1,11,1,66,29,0,0,1
4,1,11,1,86,34,1,1,1
4,1,11,1,80,431,1,1,1
4,1,11,1,80,471,0,0,1
4,1,11,1,81,367,1,1,1
4,1,11,1,69,112,1,0,0
4,1,11,1,69,408,0,0,1
4,1,11,1,77,417,1,1,1
4,1,11,1,77,438,0,0,1
4,1,11,1,77,6,0,0,1
4,1,11,1,84,242,1,1,1
4,1,11,1,69,472,1,1,1
4,1,11,1,82,453,1,1,1
4,1,11,1,88,23,1,1,1
4,1,11,1,69,110,1,1,1
4,1,11,1,76,107,1,1,1
4,1,11,1,66,134,1,1,1
4,1,11,1,82,308,1,1,1
4,1,11,1,87,425,1,1,1
4,1,11,1,87,362,0,0,1
4,1,11,1,73,304,1,1,1
4,1,12,1,72,62,1,1,1
4,1,12,1,72,459,0,0,1
4,1,12,1,89,37,1,1,1
4,1,12,1,71,443,1,1,1
4,1,12,1,71,76,0,0,1
4,1,12,1,71,4,0,0,1
4,1,12,1,89,21,1,1,1
4,1,12,1,87,57,1,1,1
4,1,12,1,87,402,0,0,1
4,1,12,1,85,191,1,1,1
4,1,12,1,65,454,1,1,1
4,1,12,1,85,404,1,1,1
4,1,12,1,82,488,1,1,1
4,1,12,1,87,372,1,1,1
4,1,12,1,80,166,1,1,1
4,1,12,1,81,368,1,1,1
4,1,12,1,67,471,1,1,1
4,1,12,1,65,146,1,1,1
4,1,12,1,65,444,0,0,1
4,1,12,1,76,171,1,1,1
4,1,13,3,74,265,1,1,1
4,1,13,3,86,342,1,1,1
4,1,13,3,78,209,1,1,1
4,1,13,3,74,428,1,0,0
4,1,13,3,86,486,0,0,1
4,1,13,3,78,578,0,0,1
4,1,13,3,85,567,1,1,1
4,1,13,3,86,988,0,0,1
4,1,13,3,69,615,1,0,0
4,1,13,3,68,224,1,1,1
4,1,13,3,88,330,1,1,1
4,1,13,3,81,294,1,0,0
4,1,13,3,79,304,1,1,1
4,1,13,3,88,797,0,0,1
4,1,13,3,78,179,1,0,0
4,1,13,3,79,549,0,1,0
4,1,13,3,80,444,1,1,1
4,1,13,3,84,291,1,1,1
4,1,13,3,87,242,1,1,1
4,1,14,3,88,457,0,0,1
4,1,14,3,75,306,0,0,1
4,1,14,3,74,311,1,1,1
4,1,14,3,77,233,1,1,1
4,1,14,3,71,249,1,1,1
4,1,14,3,89,86,1,1,1
4,1,14,3,77,984,1,0,0
4,1,14,3,75,708,1,0,0
4,1,14,3,69,354,1,1,1
4,1,14,3,83,65,1,1,1
4,1,14,3,75,500,0,1,0
4,1,14,3,70,454,1,0,0
4,1,14,3,80,579,1,1,1
4,1,14,3,74,373,1,1,1
4,1,14,3,70,279,0,0,1
4,1,14,3,78,5,1,1,1
4,1,14,3,76,169,1,1,1
4,1,14,3,84,376,1,1,1
4,1,15,1,85,414,1,1,1
4,1,15,1,74,748,1,1,1
4,1,15,1,74,190,0,0,1
4,1,15,1,74,202,0,0,1
4,1,15,1,75,494,1,1,1
4,1,15,1,75,34,1,0,0
4,1,15,1,70,461,1,1,1
4,1,15,1,70,380,0,0,1
4,1,15,1,77,447,1,1,1
4,1,15,1,79,420,1,1,1
4,1,15,1,66,168,1,1,1
4,1,15,1,87,494,1,1,1
4,1,15,1,90,318,1,1,1
4,1,15,1,90,198,0,1,0
4,1,15,1,89,307,1,1,1
4,1,15,1,90,622,1,1,1
4,1,15,1,69,463,1,1,1
4,1,15,1,65,366,1,1,1
4,1,15,1,65,225,0,0,1
4,1,16,3,86,110,1,1,1
4,1,16,3,88,26,1,0,0
4,1,16,3,89,227,1,0,0
4,1,16,3,71,369,1,1,1
4,1,16,3,65,287,1,0,0
4,1,16,3,67,697,1,1,1
4,1,16,3,71,874,0,1,0
4,1,16,3,79,1111,0,1,0
4,1,16,3,76,539,1,1,1
4,1,16,3,72,542,1,1,1
4,1,16,3,79,458,0,1,0
4,1,16,3,89,1205,1,1,1
4,1,16,3,72,562,0,1,0
4,1,16,3,73,275,1,0,0
4,1,16,3,78,279,1,1,1
4,1,16,3,73,203,1,0,0
4,1,16,3,68,408,1,0,0
4,1,16,3,78,195,0,0,1
4,1,16,3,87,370,1,1,1
4,1,17,1,84,100,1,1,1
4,1,17,1,72,36,0,0,1
4,1,17,1,89,403,1,1,1
4,1,17,1,71,226,1,1,1
4,1,17,1,71,401,0,0,1
4,1,17,1,71,478,0,0,1
4,1,17,1,89,457,1,1,1
4,1,17,1,87,428,1,1,1
4,1,17,1,87,32,0,0,1
4,1,17,1,85,23,1,1,1
4,1,17,1,65,236,1,1,1
4,1,17,1,85,404,1,1,1
4,1,17,1,82,446,1,1,1
4,1,17,1,87,475,1,1,1
4,1,17,1,80,370,1,1,1
4,1,17,1,81,432,1,1,1
4,1,17,1,67,414,1,1,1
4,1,17,1,65,384,1,1,1
4,1,17,1,65,377,0,0,1
4,1,17,1,76,459,1,1,1
6,1,1,1,65,433,1,1,1
6,1,1,1,69,395,1,1,1
6,1,1,1,69,36,0,0,1
6,1,1,1,69,453,0,0,1
6,1,1,1,79,437,1,1,1
6,1,1,1,65,24,0,1,0
6,1,1,1,65,437,0,0,1
6,1,1,1,72,109,1,1,1
6,1,1,1,68,304,1,1,1
6,1,1,1,76,444,1,1,1
6,1,1,1,86,328,1,1,1
6,1,1,1,86,437,0,0,1
6,1,1,1,78,446,1,1,1
6,1,1,1,86,453,1,1,1
6,1,1,1,76,455,1,1,1
6,1,1,1,65,357,1,1,1
6,1,1,1,69,379,1,1,1
6,1,1,1,74,360,1,1,1
6,1,1,1,83,227,1,1,1
6,1,2,3,67,267,1,1,1
6,1,2,3,78,495,1,1,1
6,1,2,3,80,284,1,1,1
6,1,2,3,67,329,0,1,0
6,1,2,3,78,14,1,1,1
6,1,2,3,80,406,0,0,1
6,1,2,3,78,254,0,1,0
6,1,2,3,81,426,1,1,1
6,1,2,3,77,193,1,1,1
6,1,2,3,72,460,1,1,1
6,1,2,3,81,288,0,0,1
6,1,2,3,78,230,1,1,1
6,1,2,3,90,488,1,1,1
6,1,2,3,70,338,1,1,1
6,1,2,3,67,319,1,1,1
6,1,2,3,72,31,1,0,0
6,1,3,3,73,415,1,1,1
6,1,3,3,88,187,1,0,0
6,1,3,3,77,52,0,1,0
6,1,3,3,80,218,1,1,1
6,1,3,3,65,15,1,1,1
6,1,3,3,78,370,1,1,1
6,1,3,3,87,462,1,1,1
6,1,3,3,65,419,1,1,1
6,1,3,3,87,160,0,0,1
6,1,3,3,66,112,1,1,1
6,1,3,3,65,112,0,1,0
6,1,3,3,89,345,1,1,1
6,1,3,3,66,44,0,0,1
6,1,3,3,65,190,0,1,0
6,1,3,3,82,431,1,1,1
6,1,3,3,80,391,1,1,1
6,1,3,3,67,328,1,1,1
6,1,4,1,73,297,1,1,1
6,1,4,1,81,268,1,1,1
6,1,4,1,72,159,1,1,1
6,1,4,1,67,193,1,1,1
6,1,4,1,78,176,1,1,1
6,1,4,1,86,168,1,1,1
6,1,4,1,89,363,1,1,1
6,1,4,1,89,272,0,1,0
6,1,4,1,75,298,1,1,1
6,1,4,1,75,430,0,0,1
6,1,4,1,73,211,1,1,1
6,1,4,1,73,368,0,0,1
6,1,4,1,79,314,1,1,1
6,1,4,1,69,444,1,1,1
6,1,4,1,68,313,1,1,1
6,1,4,1,86,302,1,1,1
6,1,4,1,86,220,0,1,0
6,1,4,1,78,346,1,1,1
6,1,4,1,78,250,0,1,0
6,1,4,1,68,309,1,1,1
6,1,4,1,87,317,1,1,1
6,1,5,3,89,323,1,1,1
6,1,5,3,82,444,1,1,1
6,1,5,3,73,336,1,1,1
6,1,5,3,89,488,0,0,1
6,1,5,3,78,426,1,1,1
6,1,5,3,89,150,1,1,1
6,1,5,3,88,11,1,1,1
6,1,5,3,70,412,1,1,1
6,1,5,3,85,447,1,1,1
6,1,5,3,72,493,0,1,0
6,1,5,3,85,375,1,1,1
6,1,5,3,85,346,1,0,0
6,1,5,3,72,348,0,1,0
6,1,5,3,87,406,1,1,1
6,1,5,3,85,67,0,1,0
6,1,5,3,72,478,0,0,1
6,1,5,3,70,451,1,1,1
6,1,5,3,73,214,1,1,1
6,1,5,3,86,211,1,1,1
6,1,6,1,82,295,1,1,1
6,1,6,1,79,352,1,1,1
6,1,6,1,80,209,1,1,1
6,1,6,1,80,223,0,1,0
6,1,6,1,80,433,0,0,1
6,1,6,1,85,227,1,1,1
6,1,6,1,90,352,1,1,1
6,1,6,1,85,233,1,1,1
6,1,6,1,77,266,1,1,1
6,1,6,1,77,321,0,0,1
6,1,6,1,87,198,1,1,1
6,1,6,1,73,257,1,1,1
6,1,6,1,70,301,1,1,1
6,1,6,1,77,356,1,1,1
6,1,6,1,65,302,1,1,1
6,1,6,1,71,210,1,1,1
6,1,6,1,71,412,0,0,1
6,1,6,1,82,225,1,1,1
6,1,6,1,81,248,1,1,1
6,1,6,1,82,158,0,1,0
6,1,6,1,81,265,1,1,1
6,1,7,1,82,293,1,1,1
6,1,7,1,86,238,1,1,1
6,1,7,1,86,340,0,0,1
6,1,7,1,79,264,1,1,1
6,1,7,1,65,244,1,1,1
6,1,7,1,67,211,1,1,1
6,1,7,1,78,83,1,1,1
6,1,7,1,89,159,1,1,1
6,1,7,1,86,459,0,0,1
6,1,7,1,74,362,1,1,1
6,1,7,1,85,382,1,1,1
6,1,7,1,85,366,0,0,1
6,1,7,1,85,375,0,0,1
6,1,7,1,89,401,1,1,1
6,1,7,1,89,299,0,1,0
6,1,7,1,74,479,1,1,1
6,1,7,1,73,330,1,1,1
6,1,7,1,83,216,1,1,1
6,1,7,1,85,236,1,1,1
6,1,7,1,80,243,1,1,1
6,1,8,3,76,297,0,0,1
6,1,8,3,65,365,0,0,1
6,1,8,3,67,412,1,1,1
6,1,8,3,76,400,1,1,1
6,1,8,3,87,652,0,0,1
6,1,8,3,85,470,1,1,1
6,1,8,3,83,328,1,1,1
6,1,8,3,70,224,1,1,1
6,1,8,3,76,361,1,1,1
6,1,8,3,89,5,0,0,1
6,1,8,3,85,433,1,1,1
6,1,8,3,76,115,1,0,0
6,1,8,3,73,82,1,1,1
6,1,8,3,66,7,1,1,1
6,1,8,3,84,171,1,1,1
6,1,10,3,74,379,1,1,1
6,1,10,3,90,289,1,1,1
6,1,10,3,81,313,1,1,1
6,1,10,3,87,476,1,1,1
6,1,10,3,75,412,1,1,1
6,1,10,3,81,33,1,0,0
6,1,10,3,83,415,1,1,1
6,1,10,3,77,371,1,1,1
6,1,10,3,81,486,1,0,0
6,1,10,3,83,489,0,0,1
6,1,10,3,70,419,0,1,0
6,1,10,3,70,201,0,1,0
6,1,10,3,75,227,1,1,1
6,1,10,3,88,425,1,0,0
6,1,10,3,75,24,1,1,1
6,1,10,3,82,213,1,1,1
6,1,10,3,88,314,0,1,0
6,1,11,1,80,346,1,1,1
6,1,11,1,80,237,0,1,0
6,1,11,1,81,455,1,1,1
6,1,11,1,69,348,1,1,1
6,1,11,1,69,273,0,1,0
6,1,11,1,77,286,1,1,1
6,1,11,1,77,30,0,0,1
6,1,11,1,77,422,0,1,0
6,1,11,1,84,391,1,1,1
6,1,11,1,69,374,1,1,1
6,1,11,1,82,374,1,1,1
6,1,11,1,88,308,1,1,1
6,1,11,1,69,368,1,1,1
6,1,11,1,76,338,1,1,1
6,1,11,1,66,300,1,1,1
6,1,11,1,82,452,1,0,0
6,1,11,1,87,45,1,1,1
6,1,11,1,87,291,0,1,0
6,1,11,1,73,385,1,1,1
6,1,12,1,72,314,1,1,1
6,1,12,1,72,192,0,1,0
6,1,12,1,89,285,1,1,1
6,1,12,1,71,271,1,1,1
6,1,12,1,71,363,0,0,1
6,1,12,1,71,177,0,1,0
6,1,12,1,89,441,1,1,1
6,1,12,1,87,305,1,1,1
6,1,12,1,87,448,0,0,1
6,1,12,1,85,225,1,1,1
6,1,12,1,65,257,1,1,1
6,1,12,1,85,322,1,0,0
6,1,12,1,82,434,1,1,1
6,1,12,1,87,267,1,1,1
6,1,12,1,80,266,1,1,1
6,1,12,1,81,244,1,1,1
6,1,12,1,67,188,1,1,1
6,1,12,1,65,195,1,1,1
6,1,12,1,65,285,0,0,1
6,1,12,1,76,196,1,1,1
6,1,13,3,74,250,1,1,1
6,1,13,3,78,291,1,1,1
6,1,13,3,74,279,1,0,0
6,1,13,3,86,143,0,0,1
6,1,13,3,78,466,0,0,1
6,1,13,3,85,17,1,1,1
6,1,13,3,86,86,0,0,1
6,1,13,3,69,214,1,1,1
6,1,13,3,68,456,1,1,1
6,1,13,3,88,323,1,1,1
6,1,13,3,81,341,1,1,1
6,1,13,3,88,469,0,0,1
6,1,13,3,79,33,0,1,0
6,1,13,3,80,170,1,1,1
6,1,13,3,84,82,1,1,1
6,1,13,3,87,118,1,1,1
6,1,14,3,88,16,0,0,1
6,1,14,3,75,458,0,1,0
6,1,14,3,77,201,1,1,1
6,1,14,3,71,14,1,1,1
6,1,14,3,89,451,1,1,1
6,1,14,3,75,371,1,1,1
6,1,14,3,69,269,1,1,1
6,1,14,3,75,436,0,0,1
6,1,14,3,70,344,1,1,1
6,1,14,3,80,384,1,1,1
6,1,14,3,70,97,0,0,1
6,1,14,3,78,466,1,1,1
6,1,14,3,84,56,1,1,1
6,1,15,1,74,345,1,1,1
6,1,15,1,85,253,1,1,1
6,1,15,1,74,257,1,1,1
6,1,15,1,74,267,0,1,0
6,1,15,1,74,439,0,0,1
6,1,15,1,75,315,1,1,1
6,1,15,1,75,343,1,0,0
6,1,15,1,70,338,1,1,1
6,1,15,1,70,304,0,1,0
6,1,15,1,77,385,1,1,1
6,1,15,1,66,350,1,1,1
6,1,15,1,79,317,1,1,1
6,1,15,1,66,71,1,1,1
6,1,15,1,87,371,1,1,1
6,1,15,1,90,356,1,1,1
6,1,15,1,90,362,0,0,1
6,1,15,1,89,311,1,1,1
6,1,15,1,90,334,1,1,1
6,1,15,1,69,368,1,1,1
6,1,15,1,65,367,1,1,1
6,1,15,1,65,382,0,0,1
6,1,16,3,86,144,1,1,1
6,1,16,3,88,198,1,1,1
6,1,16,3,89,355,1,1,1
6,1,16,3,71,309,1,1,1
6,1,16,3,65,247,1,1,1
6,1,16,3,67,322,1,1,1
6,1,16,3,71,11,0,0,1
6,1,16,3,79,374,0,1,0
6,1,16,3,76,419,1,1,1
6,1,16,3,72,319,1,1,1
6,1,16,3,79,367,0,0,1
6,1,16,3,89,224,1,1,1
6,1,16,3,72,226,0,0,1
6,1,16,3,73,55,1,1,1
6,1,16,3,78,455,1,1,1
6,1,16,3,73,471,1,1,1
6,1,16,3,68,20,1,1,1
6,1,16,3,78,341,0,1,0
6,1,16,3,87,403,1,1,1
6,1,17,1,84,365,1,1,1
6,1,17,1,72,239,1,1,1
6,1,17,1,72,311,0,0,1
6,1,17,1,89,235,1,1,1
6,1,17,1,71,251,1,1,1
6,1,17,1,71,321,0,0,1
6,1,17,1,71,309,0,0,1
6,1,17,1,89,349,1,1,1
6,1,17,1,87,378,1,1,1
6,1,17,1,87,417,0,0,1
6,1,17,1,85,149,1,1,1
6,1,17,1,65,231,1,1,1
6,1,17,1,85,241,1,1,1
6,1,17,1,82,274,1,1,1
6,1,17,1,87,230,1,1,1
6,1,17,1,80,258,1,1,1
6,1,17,1,67,321,1,1,1
6,1,17,1,65,228,1,1,1
6,1,17,1,65,191,0,1,0
6,1,17,1,76,189,1,1,1
8,1,1,1,69,1143,1,0,0
8,1,1,1,69,143,0,1,0
8,1,1,1,69,110,0,0,1
8,1,1,1,79,1464,1,1,1
8,1,1,1,65,1133,0,1,0
8,1,1,1,65,897,0,1,0
8,1,1,1,72,456,1,1,1
8,1,1,1,74,97,1,1,1
8,1,1,1,68,82,1,1,1
8,1,1,1,66,415,1,1,1
8,1,1,1,76,383,1,1,1
8,1,1,1,86,415,1,1,1
8,1,1,1,86,69,0,0,1
8,1,1,1,78,166,1,1,1
8,1,1,1,86,589,1,0,0
8,1,1,1,76,812,1,1,1
8,1,1,1,65,1013,1,1,1
8,1,1,1,69,780,1,1,1
8,1,1,1,74,569,1,1,1
8,1,1,1,83,399,1,1,1
8,1,2,3,67,109,1,0,0
8,1,2,3,80,524,1,1,1
8,1,2,3,67,1264,0,1,0
8,1,2,3,78,1165,1,0,0
8,1,2,3,80,558,0,1,0
8,1,2,3,67,866,0,1,0
8,1,2,3,78,453,0,0,1
8,1,2,3,86,942,1,1,1
8,1,2,3,81,1287,1,0,0
8,1,2,3,77,890,1,1,1
8,1,2,3,81,56,0,0,1
8,1,2,3,88,672,1,1,1
8,1,2,3,78,484,1,1,1
8,1,2,3,70,130,1,0,0
8,1,2,3,67,329,1,1,1
8,1,3,3,73,522,1,1,1
8,1,3,3,88,825,1,0,0
8,1,3,3,77,1047,0,0,1
8,1,3,3,80,1297,1,1,1
8,1,3,3,83,777,1,1,1
8,1,3,3,65,1218,1,1,1
8,1,3,3,78,1362,1,0,0
8,1,3,3,87,666,1,1,1
8,1,3,3,86,483,1,1,1
8,1,3,3,65,768,1,0,0
8,1,3,3,87,488,0,1,0
8,1,3,3,65,96,0,1,0
8,1,3,3,89,79,1,0,0
8,1,3,3,66,438,0,1,0
8,1,3,3,65,334,0,0,1
8,1,3,3,82,547,1,1,1
8,1,3,3,80,652,1,1,1
8,1,3,3,67,1003,1,1,1
8,1,4,1,73,342,1,1,1
8,1,4,1,81,343,1,1,1
8,1,4,1,72,117,1,1,1
8,1,4,1,67,460,1,1,1
8,1,4,1,78,484,1,1,1
8,1,4,1,86,435,1,1,1
8,1,4,1,89,127,1,1,1
8,1,4,1,89,9,0,0,1
8,1,4,1,75,244,1,1,1
8,1,4,1,75,454,0,0,1
8,1,4,1,73,396,1,1,1
8,1,4,1,73,249,0,0,1
8,1,4,1,79,318,1,1,1
8,1,4,1,86,244,0,1,0
8,1,4,1,78,179,1,1,1
8,1,4,1,78,496,0,0,1
8,1,4,1,68,820,1,1,1
8,1,4,1,87,402,1,1,1
8,1,5,3,89,205,1,1,1
8,1,5,3,82,384,1,1,1
8,1,5,3,73,371,1,1,1
8,1,5,3,89,256,0,0,1
8,1,5,3,78,364,1,1,1
8,1,5,3,89,951,1,1,1
8,1,5,3,88,461,1,1,1
8,1,5,3,70,1021,1,1,1
8,1,5,3,72,288,0,1,0
8,1,5,3,85,162,1,1,1
8,1,5,3,85,1053,1,1,1
8,1,5,3,72,441,0,0,1
8,1,5,3,87,233,1,0,0
8,1,5,3,85,1100,0,1,0
8,1,5,3,70,115,1,0,0
8,1,5,3,73,204,1,1,1
8,1,5,3,86,77,1,1,1
8,1,6,1,82,84,1,1,1
8,1,6,1,79,194,1,1,1
8,1,6,1,80,90,1,1,1
8,1,6,1,80,348,0,0,1
8,1,6,1,80,292,0,0,1
8,1,6,1,85,172,1,1,1
8,1,6,1,90,77,1,1,1
8,1,6,1,85,765,1,1,1
8,1,6,1,77,309,1,1,1
8,1,6,1,77,248,0,0,1
8,1,6,1,87,363,1,1,1
8,1,6,1,73,1117,1,1,1
8,1,6,1,77,879,1,1,1
8,1,6,1,65,427,1,1,1
8,1,6,1,71,244,1,1,1
8,1,6,1,71,142,0,0,1
8,1,6,1,82,578,1,1,1
8,1,6,1,81,275,1,1,1
8,1,6,1,82,461,0,1,0
8,1,6,1,81,567,1,1,1
8,1,7,1,82,638,1,1,1
8,1,7,1,86,281,1,1,1
8,1,7,1,86,619,0,1,0
8,1,7,1,79,808,1,1,1
8,1,7,1,65,227,1,1,1
8,1,7,1,67,294,1,1,1
8,1,7,1,78,210,1,1,1
8,1,7,1,89,77,1,1,1
8,1,7,1,86,623,1,0,0
8,1,7,1,86,352,0,0,1
8,1,7,1,74,189,1,1,1
8,1,7,1,85,884,1,1,1
8,1,7,1,85,452,0,0,1
8,1,7,1,85,298,0,0,1
8,1,7,1,89,311,1,1,1
8,1,7,1,89,225,0,0,1
8,1,7,1,74,99,1,1,1
8,1,7,1,73,474,1,1,1
8,1,7,1,83,841,1,1,1
8,1,7,1,85,509,1,1,1
8,1,7,1,80,268,1,1,1
8,1,8,3,76,257,0,0,1
8,1,8,3,65,774,0,0,1
8,1,8,3,78,353,1,1,1
8,1,8,3,87,591,1,1,1
8,1,8,3,67,390,1,1,1
8,1,8,3,76,1062,1,0,0
8,1,8,3,87,1269,0,1,0
8,1,8,3,85,671,1,1,1
8,1,8,3,83,354,1,1,1
8,1,8,3,87,950,0,0,1
8,1,8,3,89,1013,1,1,1
8,1,8,3,70,711,1,1,1
8,1,8,3,76,800,1,0,0
8,1,8,3,89,1325,0,0,1
8,1,8,3,85,280,1,1,1
8,1,8,3,76,400,1,0,0
8,1,8,3,73,13,1,1,1
8,1,8,3,66,506,1,1,1
8,1,8,3,84,1019,1,1,1
8,1,10,3,74,590,1,1,1
8,1,10,3,90,374,1,1,1
8,1,10,3,81,551,1,1,1
8,1,10,3,87,453,1,1,1
8,1,10,3,75,291,1,1,1
8,1,10,3,81,80,1,0,0
8,1,10,3,83,560,1,1,1
8,1,10,3,77,439,1,1,1
8,1,10,3,81,929,1,0,0
8,1,10,3,70,676,0,1,0
8,1,10,3,81,387,0,0,1
8,1,10,3,88,789,1,1,1
8,1,10,3,70,513,0,0,1
8,1,10,3,75,568,1,1,1
8,1,10,3,88,485,1,0,0
8,1,10,3,75,1317,1,1,1
8,1,10,3,88,347,0,1,0
8,1,11,1,66,198,0,0,1
8,1,11,1,86,191,1,1,1
8,1,11,1,80,171,1,1,1
8,1,11,1,80,126,0,0,1
8,1,11,1,81,523,1,1,1
8,1,11,1,69,363,1,1,1
8,1,11,1,69,317,0,0,1
8,1,11,1,77,558,1,1,1
8,1,11,1,77,335,0,0,1
8,1,11,1,77,281,0,0,1
8,1,11,1,84,193,1,1,1
8,1,11,1,69,355,1,1,1
8,1,11,1,82,286,1,1,1
8,1,11,1,88,334,1,1,1
8,1,11,1,69,116,1,1,1
8,1,11,1,76,371,1,1,1
8,1,11,1,66,642,1,1,1
8,1,11,1,82,775,1,1,1
8,1,11,1,87,614,1,1,1
8,1,11,1,87,427,0,0,1
8,1,11,1,73,137,1,1,1
8,1,12,1,84,276,1,1,1
8,1,12,1,72,252,1,1,1
8,1,12,1,72,236,0,0,1
8,1,12,1,89,299,1,1,1
8,1,12,1,71,423,1,1,1
8,1,12,1,71,488,0,0,1
8,1,12,1,71,431,0,0,1
8,1,12,1,89,302,1,1,1
8,1,12,1,87,274,1,1,1
8,1,12,1,87,180,0,0,1
8,1,12,1,85,344,1,1,1
8,1,12,1,65,705,1,1,1
8,1,12,1,85,874,1,1,1
8,1,12,1,82,1206,1,1,1
8,1,12,1,87,734,1,1,1
8,1,12,1,80,197,1,1,1
8,1,12,1,81,171,1,1,1
8,1,12,1,67,50,1,1,1
8,1,12,1,65,757,1,1,1
8,1,12,1,65,183,0,0,1
8,1,12,1,76,1013,1,1,1
8,1,13,3,74,208,1,1,1
8,1,13,3,78,176,1,1,1
8,1,13,3,74,962,1,0,0
8,1,13,3,78,67,0,1,0
8,1,13,3,85,367,1,1,1
8,1,13,3,86,167,0,0,1
8,1,13,3,69,282,1,0,0
8,1,13,3,68,135,1,1,1
8,1,13,3,88,643,1,1,1
8,1,13,3,81,772,1,1,1
8,1,13,3,79,234,1,0,0
8,1,13,3,88,478,0,0,1
8,1,13,3,78,334,1,1,1
8,1,13,3,79,306,0,0,1
8,1,13,3,80,464,1,1,1
8,1,13,3,84,731,1,1,1
8,1,13,3,87,917,1,1,1
8,1,14,3,88,370,0,0,1
8,1,14,3,75,632,0,0,1
8,1,14,3,74,425,1,1,1
8,1,14,3,77,375,1,1,1
8,1,14,3,71,322,1,1,1
8,1,14,3,89,673,1,1,1
8,1,14,3,77,1089,1,0,0
8,1,14,3,75,443,1,0,0
8,1,14,3,69,817,1,1,1
8,1,14,3,83,310,1,1,1
8,1,14,3,75,428,0,0,1
8,1,14,3,69,588,0,0,1
8,1,14,3,70,482,1,1,1
8,1,14,3,80,1314,1,1,1
8,1,14,3,74,706,1,1,1
8,1,14,3,70,374,0,0,1
8,1,14,3,78,651,1,1,1
8,1,14,3,76,243,1,1,1
8,1,14,3,84,513,1,1,1
8,1,15,1,74,486,1,1,1
8,1,15,1,85,37,1,1,1
8,1,15,1,74,268,1,1,1
8,1,15,1,74,190,0,0,1
8,1,15,1,74,353,0,0,1
8,1,15,1,75,75,1,1,1
8,1,15,1,75,366,1,0,0
8,1,15,1,70,246,1,1,1
8,1,15,1,70,249,0,0,1
8,1,15,1,77,333,1,1,1
8,1,15,1,66,447,1,1,1
8,1,15,1,79,286,1,1,1
8,1,15,1,66,299,1,1,1
8,1,15,1,87,318,1,1,1
8,1,15,1,90,320,1,1,1
8,1,15,1,90,281,0,0,1
8,1,15,1,89,950,1,1,1
8,1,15,1,69,975,1,1,1
8,1,15,1,65,461,1,1,1
8,1,15,1,65,169,0,0,1
8,1,16,3,86,167,1,1,1
8,1,16,3,88,161,1,0,0
8,1,16,3,89,326,1,0,0
8,1,16,3,71,199,1,1,1
8,1,16,3,65,1270,1,1,1
8,1,16,3,71,216,0,1,0
8,1,16,3,76,334,1,1,1
8,1,16,3,72,97,1,1,1
8,1,16,3,79,310,0,0,1
8,1,16,3,89,398,1,1,1
8,1,16,3,72,376,0,0,1
8,1,16,3,73,274,1,1,1
8,1,16,3,78,347,1,1,1
8,1,16,3,73,725,1,0,0
8,1,16,3,68,305,1,1,1
8,1,16,3,78,336,0,1,0
8,1,16,3,87,1313,1,1,1
8,1,17,1,84,103,1,1,1
8,1,17,1,72,38,1,1,1
8,1,17,1,72,16,0,0,1
8,1,17,1,89,499,1,1,1
8,1,17,1,71,398,1,1,1
8,1,17,1,71,41,0,0,1
8,1,17,1,71,149,0,0,1
8,1,17,1,89,451,1,1,1
8,1,17,1,87,128,1,1,1
8,1,17,1,87,91,0,0,1
8,1,17,1,85,90,1,1,1
8,1,17,1,65,16,1,1,1
8,1,17,1,85,492,1,1,1
8,1,17,1,82,53,1,1,1
8,1,17,1,87,20,1,1,1
8,1,17,1,80,288,1,1,1
8,1,17,1,81,244,1,1,1
8,1,17,1,67,219,1,1,1
8,1,17,1,65,204,1,1,1
8,1,17,1,65,161,0,0,1
8,1,17,1,76,208,1,1,1
11,1,1,1,65,487,1,1,1
11,1,1,1,69,222,1,1,1
11,1,1,1,69,189,0,0,1
11,1,1,1,69,74,0,0,1
11,1,1,1,79,417,1,1,1
11,1,1,1,65,464,0,0,1
11,1,1,1,72,785,1,1,1
11,1,1,1,74,477,1,1,1
11,1,1,1,68,358,1,1,1
11,1,1,1,66,302,1,1,1
11,1,1,1,76,138,1,0,0
11,1,1,1,86,427,1,1,1
11,1,1,1,86,343,0,1,0
11,1,1,1,78,697,1,1,1
11,1,1,1,86,666,1,1,1
11,1,1,1,76,763,1,1,1
11,1,1,1,65,166,1,1,1
11,1,1,1,69,116,1,1,1
11,1,1,1,74,35,1,1,1
11,1,1,1,83,5,1,1,1
11,1,2,3,67,171,1,0,0
11,1,2,3,78,235,1,1,1
11,1,2,3,80,338,1,1,1
11,1,2,3,78,678,1,1,1
11,1,2,3,80,576,0,1,0
11,1,2,3,67,529,0,1,0
11,1,2,3,86,904,1,1,1
11,1,2,3,81,699,1,1,1
11,1,2,3,77,475,1,1,1
11,1,2,3,81,484,0,1,0
11,1,2,3,88,575,1,1,1
11,1,2,3,78,1033,1,1,1
11,1,2,3,90,543,1,1,1
11,1,2,3,70,1413,1,0,0
11,1,2,3,72,833,1,1,1
11,1,3,3,73,1288,1,1,1
11,1,3,3,88,593,1,0,0
11,1,3,3,77,4,0,0,1
11,1,3,3,78,536,1,0,0
11,1,3,3,87,361,1,1,1
11,1,3,3,86,229,1,1,1
11,1,3,3,65,382,0,1,0
11,1,3,3,89,1087,1,0,0
11,1,3,3,66,733,0,0,1
11,1,3,3,67,326,1,1,1
11,1,4,1,73,383,1,1,1
11,1,4,1,72,366,1,1,1
11,1,4,1,67,688,1,1,1
11,1,4,1,78,28,1,1,1
11,1,4,1,86,372,1,1,1
11,1,4,1,89,193,1,1,1
11,1,4,1,89,240,0,0,1
11,1,4,1,75,582,1,1,1
11,1,4,1,75,111,0,0,1
11,1,4,1,73,393,1,1,1
11,1,4,1,73,78,0,0,1
11,1,4,1,79,144,1,1,1
11,1,4,1,69,288,1,1,1
11,1,4,1,68,223,1,1,1
11,1,4,1,86,286,1,1,1
11,1,4,1,86,377,0,0,1
11,1,4,1,78,36,1,1,1
11,1,4,1,78,449,0,0,1
11,1,4,1,68,526,1,1,1
11,1,4,1,87,164,1,1,1
11,1,5,3,89,464,1,1,1
11,1,5,3,82,863,1,1,1
11,1,5,3,73,200,1,1,1
11,1,5,3,89,426,0,0,1
11,1,5,3,78,169,1,1,1
11,1,5,3,89,1379,1,1,1
11,1,5,3,88,890,1,1,1
11,1,5,3,70,631,1,1,1
11,1,5,3,72,323,0,1,0
11,1,5,3,85,358,1,1,1
11,1,5,3,85,381,1,0,0
11,1,5,3,87,763,1,1,1
11,1,5,3,85,531,0,1,0
11,1,5,3,72,706,0,1,0
11,1,5,3,70,411,1,1,1
11,1,5,3,73,500,1,1,1
11,1,5,3,86,955,1,1,1
11,1,6,1,82,492,1,1,1
11,1,6,1,79,41,1,1,1
11,1,6,1,80,30,1,1,1
11,1,6,1,80,231,0,0,1
11,1,6,1,80,495,0,0,1
11,1,6,1,85,585,1,1,1
11,1,6,1,90,47,1,1,1
11,1,6,1,85,308,1,1,1
11,1,6,1,77,377,1,1,1
11,1,6,1,77,439,0,1,0
11,1,6,1,87,190,1,1,1
11,1,6,1,73,71,1,1,1
11,1,6,1,70,36,1,1,1
11,1,6,1,65,15,1,1,1
11,1,6,1,71,403,1,1,1
11,1,6,1,71,256,0,0,1
11,1,6,1,82,1350,1,1,1
11,1,6,1,81,360,1,1,1
11,1,6,1,82,291,0,1,0
11,1,6,1,81,113,1,1,1
11,1,7,1,82,406,1,1,1
11,1,7,1,86,376,1,1,1
11,1,7,1,86,308,0,0,1
11,1,7,1,79,155,1,1,1
11,1,7,1,65,738,1,1,1
11,1,7,1,67,50,1,1,1
11,1,7,1,86,41,1,1,1
11,1,7,1,86,160,0,0,1
11,1,7,1,74,35,1,1,1
11,1,7,1,85,420,0,0,1
11,1,7,1,85,86,0,0,1
11,1,7,1,89,127,1,1,1
11,1,7,1,74,616,1,1,1
11,1,7,1,73,111,1,1,1
11,1,7,1,83,498,1,1,1
11,1,7,1,85,251,1,1,1
11,1,7,1,80,8,1,1,1
11,1,8,3,76,843,0,0,1
11,1,8,3,65,823,0,0,1
11,1,8,3,78,446,1,1,1
11,1,8,3,87,1105,1,1,1
11,1,8,3,76,786,1,1,1
11,1,8,3,87,882,0,0,1
11,1,8,3,85,266,1,1,1
11,1,8,3,83,1089,1,0,0
11,1,8,3,87,1230,0,0,1
11,1,8,3,70,226,1,1,1
11,1,8,3,76,685,1,1,1
11,1,8,3,89,259,0,0,1
11,1,8,3,85,325,1,1,1
11,1,8,3,76,1075,1,0,0
11,1,8,3,84,243,1,1,1
11,1,10,3,74,1344,1,1,1
11,1,10,3,90,328,1,1,1
11,1,10,3,81,444,1,1,1
11,1,10,3,87,818,1,1,1
11,1,10,3,75,673,1,1,1
11,1,10,3,81,403,1,0,0
11,1,10,3,83,279,1,1,1
11,1,10,3,77,958,1,1,1
11,1,10,3,81,303,1,0,0
11,1,10,3,83,114,0,1,0
11,1,10,3,70,165,0,1,0
11,1,10,3,81,414,0,0,1
11,1,10,3,70,548,0,0,1
11,1,10,3,75,731,1,1,1
11,1,10,3,88,585,1,0,0
11,1,10,3,75,30,1,1,1
11,1,10,3,82,1173,1,1,1
11,1,10,3,88,547,0,0,1
11,1,11,1,66,299,0,0,1
11,1,11,1,86,334,1,1,1
11,1,11,1,80,705,1,1,1
11,1,11,1,80,67,0,0,1
11,1,11,1,81,925,1,1,1
11,1,11,1,69,767,1,1,1
11,1,11,1,77,135,0,0,1
11,1,11,1,84,30,1,1,1
11,1,11,1,69,720,1,1,1
11,1,11,1,82,250,1,1,1
11,1,11,1,88,71,1,1,1
11,1,11,1,69,607,1,1,1
11,1,11,1,66,479,1,1,1
11,1,11,1,82,455,1,1,1
11,1,11,1,87,465,1,1,1
11,1,11,1,87,210,0,0,1
11,1,11,1,73,487,1,1,1
11,1,12,1,84,781,1,1,1
11,1,12,1,72,89,1,1,1
11,1,12,1,72,54,0,0,1
11,1,12,1,89,1043,1,1,1
11,1,12,1,71,277,1,1,1
11,1,12,1,71,114,0,0,1
11,1,12,1,71,491,0,0,1
11,1,12,1,89,279,1,1,1
11,1,12,1,87,436,1,1,1
11,1,12,1,87,455,0,0,1
11,1,12,1,85,895,1,1,1
11,1,12,1,65,141,1,1,1
11,1,12,1,85,218,1,1,1
11,1,12,1,82,417,1,1,1
11,1,12,1,87,574,1,1,1
11,1,12,1,80,158,1,1,1
11,1,12,1,81,247,1,1,1
11,1,12,1,65,55,1,1,1
11,1,12,1,65,85,0,0,1
11,1,12,1,76,329,1,1,1
11,1,13,3,74,685,1,1,1
11,1,13,3,86,347,1,1,1
11,1,13,3,78,107,1,1,1
11,1,13,3,74,434,1,0,0
11,1,13,3,86,204,0,0,1
11,1,13,3,78,401,0,0,1
11,1,13,3,85,296,1,1,1
11,1,13,3,86,277,0,0,1
11,1,13,3,69,879,1,1,1
11,1,13,3,68,1181,1,1,1
11,1,13,3,88,659,1,1,1
11,1,13,3,81,83,1,1,1
11,1,13,3,79,596,1,1,1
11,1,13,3,88,1060,0,0,1
11,1,13,3,79,645,0,0,1
11,1,13,3,80,1457,1,1,1
11,1,13,3,84,476,1,1,1
11,1,13,3,87,564,1,1,1
11,1,14,3,88,800,0,0,1
11,1,14,3,75,210,0,0,1
11,1,14,3,74,488,1,1,1
11,1,14,3,77,420,1,1,1
11,1,14,3,71,1019,1,1,1
11,1,14,3,89,284,1,1,1
11,1,14,3,77,675,1,0,0
11,1,14,3,75,1083,1,1,1
11,1,14,3,69,895,1,1,1
11,1,14,3,83,1149,1,1,1
11,1,14,3,75,658,0,0,1
11,1,14,3,69,470,0,0,1
11,1,14,3,70,226,1,1,1
11,1,14,3,80,538,1,1,1
11,1,14,3,74,38,1,1,1
11,1,14,3,70,475,0,0,1
11,1,14,3,78,798,1,1,1
11,1,14,3,76,377,1,1,1
11,1,14,3,84,242,1,1,1
11,1,15,1,74,195,1,1,1
11,1,15,1,85,167,1,1,1
11,1,15,1,74,285,1,1,1
11,1,15,1,74,876,0,0,1
11,1,15,1,74,169,0,0,1
11,1,15,1,75,208,1,1,1
11,1,15,1,75,125,1,0,0
11,1,15,1,70,67,1,1,1
11,1,15,1,70,34,0,0,1
11,1,15,1,77,273,1,1,1
11,1,15,1,66,615,1,1,1
11,1,15,1,79,71,1,1,1
11,1,15,1,66,161,1,1,1
11,1,15,1,87,295,1,1,1
11,1,15,1,90,70,1,1,1
11,1,15,1,90,364,0,0,1
11,1,15,1,89,257,1,1,1
11,1,15,1,90,175,1,1,1
11,1,15,1,65,5,1,1,1
11,1,15,1,65,412,0,0,1
11,1,16,3,86,305,1,1,1
11,1,16,3,89,48,1,1,1
11,1,16,3,65,148,1,1,1
11,1,16,3,67,911,1,1,1
11,1,16,3,71,404,0,0,1
11,1,16,3,79,816,0,1,0
11,1,16,3,76,889,1,1,1
11,1,16,3,72,718,1,1,1
11,1,16,3,79,775,0,0,1
11,1,16,3,89,1147,1,1,1
11,1,16,3,72,365,0,0,1
11,1,16,3,73,1476,1,1,1
11,1,16,3,78,804,1,1,1
11,1,16,3,73,1129,1,1,1
11,1,16,3,68,542,1,1,1
11,1,16,3,78,407,0,0,1
11,1,16,3,87,548,1,1,1
11,1,17,1,84,1329,1,1,1
11,1,17,1,72,387,1,1,1
11,1,17,1,72,218,0,0,1
11,1,17,1,89,56,1,1,1
11,1,17,1,71,480,1,1,1
11,1,17,1,71,385,0,0,1
11,1,17,1,71,231,0,0,1
11,1,17,1,89,151,1,1,1
11,1,17,1,87,270,0,0,1
11,1,17,1,85,161,1,1,1
11,1,17,1,65,377,1,1,1
11,1,17,1,85,286,1,1,1
11,1,17,1,82,613,1,1,1
11,1,17,1,87,282,1,1,1
11,1,17,1,80,444,1,1,1
11,1,17,1,81,224,1,1,1
11,1,17,1,67,74,1,1,1
11,1,17,1,65,219,1,1,1
11,1,17,1,65,159,0,0,1
11,1,17,1,76,135,1,1,1
3,0,1,1,81,108,1,1,1
3,0,1,1,85,95,1,1,1
3,0,1,1,79,152,1,1,1
3,0,1,1,85,475,1,1,1
3,0,1,1,85,69,0,0,1
3,0,1,1,72,182,1,1,1
3,0,1,1,86,219,1,1,1
3,0,1,1,75,270,1,1,1
3,0,1,1,75,177,0,0,1
3,0,1,1,75,193,0,0,1
3,0,1,1,66,246,1,1,1
3,0,1,1,82,476,1,1,1
3,0,1,1,70,772,0,1,0
3,0,1,1,70,242,0,0,1
3,0,1,1,67,664,1,1,1
3,0,1,1,71,466,1,1,1
3,0,1,1,88,161,1,1,1
3,0,1,1,70,441,1,1,1
3,0,1,1,77,229,1,1,1
3,0,1,1,88,286,1,1,1
3,0,1,1,70,506,1,1,1
3,0,2,3,90,596,1,1,1
3,0,2,3,66,655,1,0,0
3,0,2,3,76,599,1,1,1
3,0,2,3,75,244,1,1,1
3,0,2,3,67,459,1,1,1
3,0,2,3,76,484,1,0,0
3,0,2,3,74,596,1,1,1
3,0,2,3,71,1031,1,1,1
3,0,2,3,70,1236,1,1,1
3,0,2,3,74,506,0,0,1
3,0,2,3,71,544,0,0,1
3,0,2,3,72,620,1,1,1
3,0,2,3,69,775,1,1,1
3,0,2,3,87,822,1,1,1
3,0,2,3,78,907,1,1,1
3,0,2,3,88,1012,1,1,1
3,0,2,3,87,512,0,0,1
3,0,2,3,78,1484,0,1,0
3,0,2,3,88,493,0,0,1
3,0,3,1,69,163,1,1,1
3,0,3,1,65,214,1,1,1
3,0,3,1,65,937,0,1,0
3,0,3,1,86,691,0,1,0
3,0,3,1,88,605,0,1,0
3,0,3,1,88,276,0,0,1
3,0,3,1,83,346,1,1,1
3,0,3,1,71,561,1,1,1
3,0,3,1,80,335,1,1,1
3,0,3,1,89,363,1,1,1
3,0,3,1,88,461,1,1,1
3,0,3,1,80,382,1,1,1
3,0,3,1,85,779,1,1,1
3,0,3,1,86,357,1,1,1
3,0,3,1,65,548,0,0,1
3,0,3,1,71,393,1,1,1
3,0,3,1,76,1156,1,1,1
3,0,3,1,87,632,1,1,1
3,0,3,1,66,284,1,1,1
3,0,3,1,73,172,1,1,1
3,0,4,3,87,543,1,1,1
3,0,4,3,79,1394,0,0,1
3,0,4,3,77,438,1,1,1
3,0,4,3,76,491,1,1,1
3,0,4,3,76,602,1,1,1
3,0,4,3,82,838,1,1,1
3,0,4,3,69,616,1,1,1
3,0,4,3,76,350,0,0,1
3,0,4,3,78,205,1,1,1
3,0,4,3,74,339,1,1,1
3,0,4,3,77,662,1,1,1
3,0,4,3,89,644,1,1,1
3,0,4,3,85,591,1,1,1
3,0,4,3,83,654,1,1,1
3,0,4,3,89,420,0,0,1
3,0,4,3,77,629,1,1,1
3,0,4,3,83,1262,0,1,0
3,0,4,3,89,441,0,0,1
3,0,4,3,78,235,1,1,1
3,0,5,1,65,164,0,0,1
3,0,5,1,68,62,1,1,1
3,0,5,1,77,633,1,1,1
3,0,5,1,88,277,1,1,1
3,0,5,1,72,168,1,1,1
3,0,5,1,85,201,1,1,1
3,0,5,1,71,84,1,1,1
3,0,5,1,71,519,0,0,1
3,0,5,1,71,231,0,0,1
3,0,5,1,67,46,1,1,1
3,0,5,1,87,160,1,1,1
3,0,5,1,89,401,1,1,1
3,0,5,1,89,408,0,0,1
3,0,5,1,78,485,1,1,1
3,0,5,1,78,451,0,1,0
3,0,5,1,88,847,1,1,1
3,0,5,1,77,488,1,1,1
3,0,5,1,88,695,1,1,1
3,0,5,1,65,840,1,0,0
3,0,5,1,68,600,1,1,1
3,0,6,3,68,689,1,1,1
3,0,6,3,90,914,1,1,1
3,0,6,3,74,610,1,1,1
3,0,6,3,71,625,1,1,1
3,0,6,3,90,344,0,0,1
3,0,6,3,74,588,0,0,1
3,0,6,3,81,348,1,1,1
3,0,6,3,66,551,1,1,1
3,0,6,3,90,385,1,0,0
3,0,6,3,81,760,0,1,0
3,0,6,3,66,318,0,0,1
3,0,6,3,66,505,1,1,1
3,0,6,3,69,624,1,1,1
3,0,6,3,71,514,1,1,1
3,0,6,3,66,276,0,0,1
3,0,6,3,88,138,1,1,1
3,0,6,3,85,750,1,1,1
3,0,6,3,74,335,1,1,1
3,0,6,3,86,449,1,1,1
3,0,7,1,87,325,1,1,1
3,0,7,1,88,190,1,1,1
3,0,7,1,77,468,1,1,1
3,0,7,1,70,406,1,1,1
3,0,7,1,83,76,1,1,1
3,0,7,1,69,205,1,1,1
3,0,7,1,69,522,0,1,0
3,0,7,1,85,252,1,1,1
3,0,7,1,89,251,1,1,1
3,0,7,1,89,261,0,0,1
3,0,7,1,89,278,0,0,1
3,0,7,1,86,95,1,1,1
3,0,7,1,65,104,1,1,1
3,0,7,1,65,144,0,0,1
3,0,7,1,71,399,1,1,1
3,0,7,1,83,162,1,1,1
3,0,7,1,70,108,1,1,1
3,0,7,1,73,34,1,1,1
3,0,7,1,66,106,1,1,1
3,0,7,1,66,164,0,0,1
3,0,7,1,84,169,1,1,1
3,0,8,3,77,42,1,1,1
3,0,8,3,90,583,1,1,1
3,0,8,3,67,416,1,1,1
3,0,8,3,77,163,1,0,0
3,0,8,3,79,376,1,1,1
3,0,8,3,80,493,1,1,1
3,0,8,3,77,184,0,0,1
3,0,8,3,79,342,0,0,1
3,0,8,3,79,323,1,1,1
3,0,8,3,66,562,1,1,1
3,0,8,3,72,447,1,1,1
3,0,8,3,90,357,0,1,0
3,0,8,3,81,283,1,1,1
3,0,8,3,89,332,1,1,1
3,0,8,3,90,247,0,0,1
3,0,8,3,77,1419,1,1,1
3,0,8,3,82,448,1,1,1
3,0,8,3,80,194,1,1,1
3,0,8,3,77,275,0,0,1
3,0,10,1,74,330,0,0,1
3,0,10,1,78,476,1,1,1
3,0,10,1,83,198,1,1,1
3,0,10,1,78,405,1,1,1
3,0,10,1,78,157,0,0,1
3,0,10,1,82,145,1,1,1
3,0,10,1,82,84,0,0,1
3,0,10,1,73,263,1,1,1
3,0,10,1,86,251,1,1,1
3,0,10,1,82,656,1,1,1
3,0,10,1,80,257,1,1,1
3,0,10,1,65,287,1,1,1
3,0,10,1,67,174,1,1,1
3,0,10,1,86,269,0,1,0
3,0,10,1,86,174,0,0,1
3,0,10,1,73,10,1,1,1
3,0,10,1,76,94,1,1,1
3,0,10,1,85,365,1,1,1
3,0,10,1,68,105,1,1,1
3,0,10,1,80,119,1,1,1
3,0,10,1,89,43,1,1,1
3,0,11,3,90,325,1,1,1
3,0,11,3,74,225,1,1,1
3,0,11,3,81,398,0,0,1
3,0,11,3,66,1091,1,1,1
3,0,11,3,70,673,1,1,1
3,0,11,3,66,834,1,0,0
3,0,11,3,77,237,1,1,1
3,0,11,3,68,483,1,1,1
3,0,11,3,90,826,1,0,0
3,0,11,3,76,407,1,1,1
3,0,11,3,79,139,1,1,1
3,0,11,3,83,390,1,1,1
3,0,11,3,65,597,1,0,0
3,0,11,3,79,186,0,1,0
3,0,11,3,89,643,1,1,1
3,0,11,3,65,307,0,0,1
3,0,11,3,85,213,1,1,1
3,0,11,3,89,377,0,0,1
3,0,11,3,65,241,0,0,1
3,0,12,3,83,175,1,1,1
3,0,12,3,89,290,0,0,1
3,0,12,3,69,530,0,0,1
3,0,12,3,71,310,1,1,1
3,0,12,3,81,241,1,1,1
3,0,12,3,86,117,1,1,1
3,0,12,3,87,122,1,1,1
3,0,12,3,75,297,1,1,1
3,0,12,3,68,306,1,1,1
3,0,12,3,67,580,1,1,1
3,0,12,3,85,385,1,1,1
3,0,12,3,86,675,1,0,0
3,0,12,3,65,203,1,1,1
3,0,12,3,85,311,0,1,0
3,0,12,3,88,515,1,1,1
3,0,12,3,65,320,0,0,1
3,0,12,3,85,724,1,0,0
3,0,12,3,88,547,0,0,1
3,0,12,3,77,638,1,1,1
3,0,13,1,66,230,1,1,1
3,0,13,1,85,447,1,1,1
3,0,13,1,81,325,1,1,1
3,0,13,1,78,10,1,1,1
3,0,13,1,79,460,1,1,1
3,0,13,1,73,192,1,1,1
3,0,13,1,84,168,1,1,1
3,0,13,1,87,36,1,1,1
3,0,13,1,73,296,0,1,0
3,0,13,1,73,81,0,0,1
3,0,13,1,85,282,1,1,1
3,0,13,1,66,271,1,1,1
3,0,13,1,75,20,1,1,1
3,0,13,1,90,105,1,1,1
3,0,13,1,73,236,1,1,1
3,0,13,1,73,203,0,0,1
3,0,13,1,87,129,1,1,1
3,0,13,1,87,84,0,0,1
3,0,13,1,78,36,1,1,1
3,0,13,1,78,112,0,0,1
3,0,13,1,84,332,1,1,1
3,0,14,3,77,48,1,1,1
3,0,14,3,73,218,1,1,1
3,0,14,3,80,116,1,1,1
3,0,14,3,77,162,0,0,1
3,0,14,3,85,589,1,1,1
3,0,14,3,68,269,1,1,1
3,0,14,3,70,305,1,1,1
3,0,14,3,83,157,1,1,1
3,0,14,3,68,110,0,0,1
3,0,14,3,82,329,1,1,1
3,0,14,3,81,114,1,1,1
3,0,14,3,70,298,1,0,0
3,0,14,3,65,262,1,1,1
3,0,14,3,88,607,1,1,1
3,0,14,3,70,284,1,0,0
3,0,14,3,65,654,0,0,1
3,0,14,3,88,340,0,0,1
3,0,14,3,89,153,1,1,1
3,0,14,3,65,329,0,0,1
3,0,15,1,70,7,0,0,1
3,0,15,1,78,148,1,1,1
3,0,15,1,86,192,1,1,1
3,0,15,1,74,22,1,1,1
3,0,15,1,79,426,1,1,1
3,0,15,1,83,270,1,1,1
3,0,15,1,70,218,1,1,1
3,0,15,1,65,82,1,1,1
3,0,15,1,65,403,0,1,0
3,0,15,1,78,279,1,1,1
3,0,15,1,79,281,1,1,1
3,0,15,1,65,353,1,1,1
3,0,15,1,88,78,1,1,1
3,0,15,1,85,96,1,1,1
3,0,15,1,85,18,0,0,1
3,0,15,1,68,25,1,1,1
3,0,15,1,68,46,0,0,1
3,0,15,1,74,692,1,1,1
3,0,15,1,81,225,1,1,1
3,0,15,1,89,164,1,1,1
3,0,16,3,74,558,0,1,0
3,0,16,3,65,503,0,1,0
3,0,16,3,66,667,0,1,0
3,0,16,3,66,555,0,1,0
3,0,16,3,67,508,0,1,0
3,0,16,3,74,432,0,0,1
3,0,16,3,72,615,0,1,0
3,0,16,3,71,293,0,1,0
3,0,16,3,71,739,0,1,0
3,0,16,3,72,1436,0,1,0
3,0,16,3,74,1004,0,1,0
3,0,16,3,65,544,0,1,0
3,0,16,3,74,429,0,0,1
3,0,16,3,74,487,0,1,0
3,0,16,3,71,387,0,0,1
3,0,16,3,72,338,0,0,1
3,0,16,3,72,403,0,1,0
3,0,16,3,73,601,0,1,0
3,0,16,3,73,930,0,1,0
3,0,16,3,65,1461,0,1,0
3,0,17,1,66,359,0,0,1
3,0,17,1,85,24,1,1,1
3,0,17,1,70,133,1,1,1
3,0,17,1,70,165,0,0,1
3,0,17,1,84,91,1,1,1
3,0,17,1,84,48,0,0,1
3,0,17,1,79,124,1,1,1
3,0,17,1,82,261,1,1,1
3,0,17,1,81,204,1,1,1
3,0,17,1,88,7,1,1,1
3,0,17,1,88,690,0,0,1
3,0,17,1,82,369,1,1,1
3,0,17,1,83,275,1,1,1
3,0,17,1,83,565,0,0,1
3,0,17,1,76,612,1,1,1
3,0,17,1,81,241,1,1,1
3,0,17,1,82,262,1,1,1
3,0,17,1,66,196,1,1,1
3,0,17,1,70,332,1,1,1
3,0,17,1,89,1199,1,1,1
4,0,1,1,81,750,1,1,1
4,0,1,1,85,431,1,1,1
4,0,1,1,79,416,1,1,1
4,0,1,1,85,356,1,1,1
4,0,1,1,85,447,0,0,1
4,0,1,1,72,471,1,1,1
4,0,1,1,86,356,1,1,1
4,0,1,1,75,69,1,1,1
4,0,1,1,75,491,0,0,1
4,0,1,1,75,460,0,0,1
4,0,1,1,66,30,1,1,1
4,0,1,1,82,447,1,1,1
4,0,1,1,70,314,0,1,0
4,0,1,1,70,387,0,0,1
4,0,1,1,67,97,1,1,1
4,0,1,1,71,430,1,1,1
4,0,1,1,88,105,1,1,1
4,0,1,1,70,253,1,1,1
4,0,1,1,77,381,1,1,1
4,0,1,1,88,72,1,1,1
4,0,1,1,70,404,1,1,1
4,0,2,3,90,498,1,0,0
4,0,2,3,66,273,1,1,1
4,0,2,3,76,1225,1,1,1
4,0,2,3,75,393,1,1,1
4,0,2,3,67,167,1,1,1
4,0,2,3,76,423,1,0,0
4,0,2,3,74,444,1,1,1
4,0,2,3,71,22,1,1,1
4,0,2,3,70,277,1,1,1
4,0,2,3,74,397,0,1,0
4,0,2,3,71,199,0,0,1
4,0,2,3,72,799,1,0,0
4,0,2,3,69,264,1,1,1
4,0,2,3,87,1250,1,1,1
4,0,2,3,88,277,1,0,0
4,0,2,3,87,202,0,1,0
4,0,2,3,78,473,0,0,1
4,0,2,3,88,343,0,0,1
4,0,3,1,69,161,1,1,1
4,0,3,1,65,143,1,1,1
4,0,3,1,65,387,0,0,1
4,0,3,1,86,39,0,1,0
4,0,3,1,88,394,0,1,0
4,0,3,1,88,370,0,0,1
4,0,3,1,71,109,1,1,1
4,0,3,1,80,420,1,1,1
4,0,3,1,89,379,1,1,1
4,0,3,1,88,4,1,1,1
4,0,3,1,80,430,1,1,1
4,0,3,1,85,380,1,1,1
4,0,3,1,86,458,1,1,1
4,0,3,1,65,378,1,1,1
4,0,3,1,65,498,0,0,1
4,0,3,1,71,377,1,1,1
4,0,3,1,76,471,1,1,1
4,0,3,1,87,666,1,1,1
4,0,3,1,66,26,1,1,1
4,0,3,1,73,87,1,1,1
4,0,4,3,79,30,0,0,1
4,0,4,3,77,157,1,1,1
4,0,4,3,76,340,1,0,0
4,0,4,3,76,502,1,1,1
4,0,4,3,82,171,1,1,1
4,0,4,3,69,90,1,1,1
4,0,4,3,76,429,0,0,1
4,0,4,3,78,357,1,1,1
4,0,4,3,74,201,1,1,1
4,0,4,3,77,132,1,0,0
4,0,4,3,89,77,1,1,1
4,0,4,3,85,681,1,1,1
4,0,4,3,83,125,1,1,1
4,0,4,3,89,202,0,0,1
4,0,4,3,77,83,1,1,1
4,0,4,3,83,228,0,0,1
4,0,4,3,89,180,0,0,1
4,0,4,3,78,94,1,0,0
4,0,5,1,65,445,0,0,1
4,0,5,1,68,394,1,1,1
4,0,5,1,77,305,1,1,1
4,0,5,1,88,440,1,1,1
4,0,5,1,72,359,1,1,1
4,0,5,1,71,344,1,1,1
4,0,5,1,71,451,0,0,1
4,0,5,1,71,436,0,0,1
4,0,5,1,67,145,1,1,1
4,0,5,1,87,296,1,1,1
4,0,5,1,89,348,1,1,1
4,0,5,1,78,146,1,1,1
4,0,5,1,78,411,0,1,0
4,0,5,1,88,68,1,1,1
4,0,5,1,77,387,1,1,1
4,0,5,1,88,462,1,1,1
4,0,5,1,65,364,1,1,1
4,0,5,1,68,333,1,1,1
4,0,6,3,68,172,1,1,1
4,0,6,3,90,238,1,1,1
4,0,6,3,74,476,1,1,1
4,0,6,3,71,606,1,1,1
4,0,6,3,90,231,0,0,1
4,0,6,3,74,215,0,0,1
4,0,6,3,81,235,1,1,1
4,0,6,3,66,88,1,1,1
4,0,6,3,90,290,1,0,0
4,0,6,3,81,405,0,0,1
4,0,6,3,66,113,0,0,1
4,0,6,3,66,194,1,1,1
4,0,6,3,69,1327,1,0,0
4,0,6,3,66,46,0,0,1
4,0,6,3,88,82,1,1,1
4,0,6,3,85,101,1,1,1
4,0,6,3,74,858,1,0,0
4,0,6,3,86,304,1,1,1
4,0,7,1,87,165,1,1,1
4,0,7,1,88,438,1,1,1
4,0,7,1,83,364,1,1,1
4,0,7,1,69,462,1,1,1
4,0,7,1,69,367,0,0,1
4,0,7,1,85,240,1,1,1
4,0,7,1,89,474,0,0,1
4,0,7,1,89,23,0,0,1
4,0,7,1,86,249,1,1,1
4,0,7,1,65,454,1,1,1
4,0,7,1,71,110,1,1,1
4,0,7,1,83,5,1,1,1
4,0,7,1,70,406,1,1,1
4,0,7,1,73,487,1,1,1
4,0,7,1,66,431,0,0,1
4,0,7,1,84,256,1,1,1
4,0,8,3,77,39,1,1,1
4,0,8,3,90,418,1,1,1
4,0,8,3,67,333,1,1,1
4,0,8,3,77,508,1,0,0
4,0,8,3,79,169,1,1,1
4,0,8,3,80,626,1,1,1
4,0,8,3,77,209,0,0,1
4,0,8,3,79,138,0,0,1
4,0,8,3,79,265,1,1,1
4,0,8,3,66,121,1,1,1
4,0,8,3,72,727,1,1,1
4,0,8,3,90,479,0,1,0
4,0,8,3,81,235,1,1,1
4,0,8,3,89,909,1,1,1
4,0,8,3,90,425,0,0,1
4,0,8,3,77,497,1,1,1
4,0,8,3,82,439,1,1,1
4,0,8,3,77,238,0,1,0
4,0,10,1,74,464,0,0,1
4,0,10,1,78,60,1,1,1
4,0,10,1,83,396,1,1,1
4,0,10,1,78,449,1,1,1
4,0,10,1,78,424,0,0,1
4,0,10,1,82,405,1,1,1
4,0,10,1,82,486,0,0,1
4,0,10,1,73,384,1,1,1
4,0,10,1,86,353,1,1,1
4,0,10,1,82,64,1,1,1
4,0,10,1,65,385,1,1,1
4,0,10,1,67,395,1,1,1
4,0,10,1,86,346,0,1,0
4,0,10,1,86,483,0,0,1
4,0,10,1,85,480,1,1,1
4,0,10,1,68,28,1,1,1
4,0,10,1,80,386,1,1,1
4,0,10,1,89,427,1,1,1
4,0,11,3,90,457,1,1,1
4,0,11,3,81,350,0,0,1
4,0,11,3,66,128,1,1,1
4,0,11,3,70,110,1,1,1
4,0,11,3,66,1061,1,1,1
4,0,11,3,77,523,1,0,0
4,0,11,3,68,404,1,1,1
4,0,11,3,90,48,1,1,1
4,0,11,3,76,392,1,1,1
4,0,11,3,79,918,1,0,0
4,0,11,3,83,290,1,1,1
4,0,11,3,65,752,1,1,1
4,0,11,3,79,126,0,0,1
4,0,11,3,89,482,1,1,1
4,0,11,3,65,282,0,0,1
4,0,11,3,85,503,1,1,1
4,0,11,3,89,321,0,0,1
4,0,11,3,65,489,0,0,1
4,0,12,3,83,10,1,1,1
4,0,12,3,89,251,0,0,1
4,0,12,3,69,32,0,0,1
4,0,12,3,71,431,1,1,1
4,0,12,3,81,1144,1,1,1
4,0,12,3,86,105,1,1,1
4,0,12,3,87,259,1,1,1
4,0,12,3,75,1159,1,1,1
4,0,12,3,68,713,1,0,0
4,0,12,3,67,479,1,0,0
4,0,12,3,85,153,1,1,1
4,0,12,3,86,390,1,1,1
4,0,12,3,65,317,1,0,0
4,0,12,3,85,331,0,0,1
4,0,12,3,88,363,1,1,1
4,0,12,3,65,480,0,1,0
4,0,12,3,85,32,1,0,0
4,0,12,3,88,243,0,0,1
4,0,12,3,77,206,1,1,1
4,0,13,1,66,76,1,1,1
4,0,13,1,85,480,1,1,1
4,0,13,1,81,302,1,1,1
4,0,13,1,78,295,1,1,1
4,0,13,1,79,6,1,1,1
4,0,13,1,73,348,1,1,1
4,0,13,1,84,372,1,1,1
4,0,13,1,87,356,1,1,1
4,0,13,1,73,292,0,1,0
4,0,13,1,73,53,0,0,1
4,0,13,1,85,475,1,1,1
4,0,13,1,66,385,1,1,1
4,0,13,1,75,403,1,1,1
4,0,13,1,90,2,1,1,1
4,0,13,1,73,332,1,1,1
4,0,13,1,73,433,0,1,0
4,0,13,1,87,236,1,1,1
4,0,13,1,87,21,0,0,1
4,0,13,1,78,494,1,1,1
4,0,13,1,78,82,0,0,1
4,0,13,1,84,40,1,0,0
4,0,14,3,77,485,1,1,1
4,0,14,3,73,177,1,1,1
4,0,14,3,80,761,1,1,1
4,0,14,3,77,382,0,0,1
4,0,14,3,85,596,1,1,1
4,0,14,3,68,367,1,1,1
4,0,14,3,70,221,1,1,1
4,0,14,3,68,151,0,0,1
4,0,14,3,82,433,1,1,1
4,0,14,3,81,315,1,0,0
4,0,14,3,70,51,1,1,1
4,0,14,3,65,650,1,0,0
4,0,14,3,88,806,1,0,0
4,0,14,3,70,36,1,0,0
4,0,14,3,65,312,0,0,1
4,0,14,3,88,225,0,0,1
4,0,14,3,89,564,1,0,0
4,0,14,3,65,61,0,0,1
4,0,15,1,70,461,0,0,1
4,0,15,1,70,187,0,0,1
4,0,15,1,78,15,1,1,1
4,0,15,1,86,365,1,1,1
4,0,15,1,74,412,1,1,1
4,0,15,1,79,349,1,1,1
4,0,15,1,83,445,1,1,1
4,0,15,1,70,291,1,1,1
4,0,15,1,65,355,1,1,1
4,0,15,1,65,429,0,0,1
4,0,15,1,78,89,1,1,1
4,0,15,1,65,149,1,1,1
4,0,15,1,88,417,1,1,1
4,0,15,1,85,369,1,1,1
4,0,15,1,85,168,0,0,1
4,0,15,1,68,344,1,1,1
4,0,15,1,68,470,0,1,0
4,0,15,1,74,178,1,1,1
4,0,15,1,81,33,1,1,1
4,0,16,3,66,45,0,1,0
4,0,16,3,66,179,0,0,1
4,0,16,3,74,150,0,1,0
4,0,16,3,72,129,0,1,0
4,0,16,3,71,780,0,1,0
4,0,16,3,71,192,0,0,1
4,0,16,3,72,425,0,0,1
4,0,16,3,74,149,0,1,0
4,0,16,3,65,85,0,1,0
4,0,16,3,74,683,0,0,1
4,0,16,3,74,1090,0,1,0
4,0,16,3,71,299,0,0,1
4,0,16,3,72,422,0,0,1
4,0,16,3,72,237,0,1,0
4,0,16,3,73,330,0,1,0
4,0,16,3,73,326,0,1,0
4,0,16,3,65,310,0,1,0
4,0,17,1,66,141,0,0,1
4,0,17,1,85,209,1,1,1
4,0,17,1,70,279,1,1,1
4,0,17,1,70,408,0,0,1
4,0,17,1,84,331,1,1,1
4,0,17,1,84,455,0,0,1
4,0,17,1,79,376,1,1,1
4,0,17,1,82,316,1,1,1
4,0,17,1,81,467,1,1,1
4,0,17,1,88,321,1,1,1
4,0,17,1,88,373,0,0,1
4,0,17,1,82,11,1,1,1
4,0,17,1,83,442,1,1,1
4,0,17,1,76,120,1,1,1
4,0,17,1,81,1,1,1,1
4,0,17,1,82,153,1,1,1
4,0,17,1,66,432,1,1,1
4,0,17,1,70,356,1,1,1
4,0,17,1,69,435,1,1,1
6,0,1,1,81,257,1,1,1
6,0,1,1,85,236,1,1,1
6,0,1,1,79,353,1,1,1
6,0,1,1,85,331,1,1,1
6,0,1,1,85,314,0,0,1
6,0,1,1,72,185,1,1,1
6,0,1,1,86,243,1,1,1
6,0,1,1,75,184,1,1,1
6,0,1,1,75,329,0,0,1
6,0,1,1,75,230,0,1,0
6,0,1,1,66,366,1,1,1
6,0,1,1,82,323,1,1,1
6,0,1,1,70,274,0,1,0
6,0,1,1,70,326,0,0,1
6,0,1,1,67,231,1,1,1
6,0,1,1,71,325,1,1,1
6,0,1,1,88,289,1,1,1
6,0,1,1,70,273,1,1,1
6,0,1,1,77,295,1,1,1
6,0,1,1,88,366,1,1,1
6,0,1,1,70,296,1,1,1
6,0,2,3,90,322,1,1,1
6,0,2,3,66,396,1,1,1
6,0,2,3,76,59,1,1,1
6,0,2,3,75,81,1,1,1
6,0,2,3,67,390,1,1,1
6,0,2,3,76,300,1,1,1
6,0,2,3,74,76,1,1,1
6,0,2,3,71,331,1,1,1
6,0,2,3,70,304,1,1,1
6,0,2,3,71,271,0,0,1
6,0,2,3,72,157,1,1,1
6,0,2,3,69,345,1,1,1
6,0,2,3,87,368,1,1,1
6,0,2,3,78,425,1,1,1
6,0,2,3,88,13,1,1,1
6,0,2,3,87,14,0,0,1
6,0,2,3,78,286,0,1,0
6,0,2,3,88,319,0,1,0
6,0,3,1,65,208,1,1,1
6,0,3,1,65,352,0,0,1
6,0,3,1,86,330,0,1,0
6,0,3,1,88,241,0,1,0
6,0,3,1,88,276,0,0,1
6,0,3,1,83,338,1,1,1
6,0,3,1,71,213,1,1,1
6,0,3,1,80,290,1,1,1
6,0,3,1,89,261,1,1,1
6,0,3,1,88,301,1,1,1
6,0,3,1,80,256,1,1,1
6,0,3,1,85,269,1,1,1
6,0,3,1,86,220,1,1,1
6,0,3,1,65,323,1,1,1
6,0,3,1,65,333,0,0,1
6,0,3,1,71,206,1,1,1
6,0,3,1,76,328,1,1,1
6,0,3,1,87,344,1,1,1
6,0,3,1,66,388,1,1,1
6,0,3,1,73,256,1,1,1
6,0,4,3,87,301,1,1,1
6,0,4,3,79,342,0,0,1
6,0,4,3,77,343,1,1,1
6,0,4,3,76,300,1,1,1
6,0,4,3,76,400,1,0,0
6,0,4,3,82,466,1,1,1
6,0,4,3,69,111,1,1,1
6,0,4,3,76,97,0,0,1
6,0,4,3,85,354,1,1,1
6,0,4,3,83,441,1,1,1
6,0,4,3,89,327,0,0,1
6,0,4,3,77,259,1,1,1
6,0,4,3,83,438,0,0,1
6,0,4,3,78,367,1,1,1
6,0,5,1,65,472,1,1,1
6,0,5,1,65,322,0,1,0
6,0,5,1,68,359,1,1,1
6,0,5,1,77,403,1,1,1
6,0,5,1,88,280,1,1,1
6,0,5,1,72,311,1,1,1
6,0,5,1,85,280,1,1,1
6,0,5,1,71,325,1,1,1
6,0,5,1,71,411,0,0,1
6,0,5,1,71,347,0,0,1
6,0,5,1,67,353,1,1,1
6,0,5,1,87,290,1,1,1
6,0,5,1,89,271,1,1,1
6,0,5,1,89,256,0,1,0
6,0,5,1,78,306,1,1,1
6,0,5,1,78,63,0,0,1
6,0,5,1,88,358,1,1,1
6,0,5,1,77,250,1,1,1
6,0,5,1,88,21,1,1,1
6,0,5,1,65,264,1,1,1
6,0,5,1,68,265,1,1,1
6,0,5,1,84,227,1,1,1
6,0,6,3,68,1032,1,1,1
6,0,6,3,90,122,1,1,1
6,0,6,3,74,183,1,1,1
6,0,6,3,71,170,1,1,1
6,0,6,3,90,350,0,1,0
6,0,6,3,66,368,1,1,1
6,0,6,3,90,368,1,1,1
6,0,6,3,81,419,0,0,1
6,0,6,3,66,430,1,1,1
6,0,6,3,69,499,1,1,1
6,0,6,3,71,185,1,1,1
6,0,6,3,66,361,0,0,1
6,0,6,3,88,217,1,1,1
6,0,6,3,85,455,1,1,1
6,0,6,3,74,941,1,1,1
6,0,6,3,86,476,1,1,1
6,0,7,1,87,311,1,1,1
6,0,7,1,88,350,1,1,1
6,0,7,1,77,240,1,1,1
6,0,7,1,70,199,1,1,1
6,0,7,1,83,218,1,1,1
6,0,7,1,69,203,1,1,1
6,0,7,1,69,168,0,1,0
6,0,7,1,85,224,1,1,1
6,0,7,1,89,380,1,1,1
6,0,7,1,89,300,0,0,1
6,0,7,1,89,257,0,1,0
6,0,7,1,86,403,1,1,1
6,0,7,1,65,211,1,1,1
6,0,7,1,65,414,0,0,1
6,0,7,1,71,304,1,1,1
6,0,7,1,83,242,1,1,1
6,0,7,1,70,211,1,1,1
6,0,7,1,73,386,1,1,1
6,0,7,1,66,179,1,1,1
6,0,7,1,66,136,0,1,0
6,0,7,1,84,420,1,1,1
6,0,8,3,77,308,1,1,1
6,0,8,3,90,303,1,1,1
6,0,8,3,67,348,1,1,1
6,0,8,3,77,357,1,0,0
6,0,8,3,79,368,1,1,1
6,0,8,3,80,309,1,1,1
6,0,8,3,77,344,0,0,1
6,0,8,3,79,243,0,1,0
6,0,8,3,79,325,1,1,1
6,0,8,3,66,12,1,1,1
6,0,8,3,72,467,1,1,1
6,0,8,3,90,389,0,1,0
6,0,8,3,81,457,1,1,1
6,0,8,3,89,351,1,1,1
6,0,8,3,90,435,0,0,1
6,0,8,3,77,344,1,1,1
6,0,8,3,80,116,1,1,1
6,0,8,3,77,428,0,0,1
6,0,10,1,74,281,0,1,0
6,0,10,1,78,432,1,1,1
6,0,10,1,83,287,1,1,1
6,0,10,1,78,258,1,1,1
6,0,10,1,78,390,0,0,1
6,0,10,1,82,251,1,1,1
6,0,10,1,82,228,0,1,0
6,0,10,1,73,335,1,1,1
6,0,10,1,86,283,1,1,1
6,0,10,1,82,56,1,1,1
6,0,10,1,80,317,1,1,1
6,0,10,1,65,252,1,1,1
6,0,10,1,67,226,1,1,1
6,0,10,1,86,90,0,1,0
6,0,10,1,86,351,0,0,1
6,0,10,1,73,227,1,1,1
6,0,10,1,76,297,1,1,1
6,0,10,1,85,252,1,1,1
6,0,10,1,68,326,1,1,1
6,0,10,1,80,202,1,1,1
6,0,10,1,89,202,1,1,1
6,0,11,3,90,335,1,1,1
6,0,11,3,74,282,1,1,1
6,0,11,3,81,360,0,0,1
6,0,11,3,66,341,1,1,1
6,0,11,3,70,355,1,1,1
6,0,11,3,66,311,1,1,1
6,0,11,3,77,344,1,1,1
6,0,11,3,68,338,1,1,1
6,0,11,3,90,360,1,1,1
6,0,11,3,76,367,1,1,1
6,0,11,3,79,340,1,1,1
6,0,11,3,83,421,1,1,1
6,0,11,3,65,312,1,1,1
6,0,11,3,89,437,1,1,1
6,0,11,3,65,9,0,0,1
6,0,11,3,85,405,1,1,1
6,0,11,3,89,117,0,0,1
6,0,12,3,83,334,1,1,1
6,0,12,3,69,469,0,0,1
6,0,12,3,71,312,1,1,1
6,0,12,3,81,300,1,1,1
6,0,12,3,86,303,1,1,1
6,0,12,3,87,384,1,1,1
6,0,12,3,75,34,1,1,1
6,0,12,3,68,164,1,1,1
6,0,12,3,67,36,1,1,1
6,0,12,3,85,27,1,1,1
6,0,12,3,86,425,1,1,1
6,0,12,3,65,15,1,1,1
6,0,12,3,85,355,0,0,1
6,0,12,3,88,486,1,1,1
6,0,12,3,65,535,0,1,0
6,0,12,3,85,435,1,1,1
6,0,12,3,77,317,1,1,1
6,0,13,1,66,414,1,1,1
6,0,13,1,85,315,1,1,1
6,0,13,1,81,193,1,1,1
6,0,13,1,78,252,1,1,1
6,0,13,1,79,295,1,1,1
6,0,13,1,73,218,1,1,1
6,0,13,1,84,380,1,1,1
6,0,13,1,87,263,1,1,1
6,0,13,1,73,247,0,1,0
6,0,13,1,73,380,0,0,1
6,0,13,1,85,281,1,1,1
6,0,13,1,66,322,1,1,1
6,0,13,1,75,274,1,1,1
6,0,13,1,90,207,1,1,1
6,0,13,1,73,261,1,1,1
6,0,13,1,73,242,0,1,0
6,0,13,1,87,367,1,1,1
6,0,13,1,87,325,0,0,1
6,0,13,1,78,311,1,1,1
6,0,13,1,78,462,0,0,1
6,0,13,1,84,286,1,1,1
6,0,14,3,77,306,1,1,1
6,0,14,3,73,258,1,1,1
6,0,14,3,80,260,1,1,1
6,0,14,3,77,388,0,0,1
6,0,14,3,85,272,1,1,1
6,0,14,3,68,363,1,1,1
6,0,14,3,70,328,1,1,1
6,0,14,3,83,296,1,1,1
6,0,14,3,68,338,0,0,1
6,0,14,3,82,339,1,1,1
6,0,14,3,81,353,1,1,1
6,0,14,3,70,405,1,1,1
6,0,14,3,65,342,1,1,1
6,0,14,3,88,305,1,1,1
6,0,14,3,70,393,1,0,0
6,0,14,3,65,329,0,0,1
6,0,14,3,88,441,0,0,1
6,0,14,3,89,158,1,1,1
6,0,14,3,65,425,0,0,1
6,0,15,1,70,14,0,0,1
6,0,15,1,70,376,0,0,1
6,0,15,1,78,277,1,1,1
6,0,15,1,86,243,1,1,1
6,0,15,1,74,230,1,1,1
6,0,15,1,79,326,1,1,1
6,0,15,1,83,237,1,1,1
6,0,15,1,70,278,1,1,1
6,0,15,1,65,191,1,1,1
6,0,15,1,65,337,0,0,1
6,0,15,1,78,240,1,1,1
6,0,15,1,79,233,1,1,1
6,0,15,1,65,222,1,1,1
6,0,15,1,88,260,1,1,1
6,0,15,1,85,237,1,1,1
6,0,15,1,85,343,0,0,1
6,0,15,1,68,351,1,1,1
6,0,15,1,68,335,0,0,1
6,0,15,1,74,260,1,1,1
6,0,15,1,81,272,1,1,1
6,0,15,1,89,201,1,1,1
6,0,16,3,65,254,0,1,0
6,0,16,3,66,247,0,1,0
6,0,16,3,66,296,0,1,0
6,0,16,3,67,265,0,1,0
6,0,16,3,74,178,0,1,0
6,0,16,3,72,396,0,1,0
6,0,16,3,71,304,0,1,0
6,0,16,3,71,494,0,0,1
6,0,16,3,74,125,0,1,0
6,0,16,3,74,274,0,1,0
6,0,16,3,74,127,0,0,1
6,0,16,3,71,293,0,1,0
6,0,16,3,72,462,0,1,0
6,0,16,3,72,327,0,1,0
6,0,16,3,73,384,0,1,0
6,0,16,3,73,303,0,1,0
6,0,16,3,65,490,0,1,0
6,0,17,1,85,260,1,1,1
6,0,17,1,70,136,1,1,1
6,0,17,1,70,218,0,1,0
6,0,17,1,84,235,1,1,1
6,0,17,1,84,349,0,0,1
6,0,17,1,79,279,1,1,1
6,0,17,1,82,257,1,1,1
6,0,17,1,81,287,1,1,1
6,0,17,1,88,183,1,1,1
6,0,17,1,88,349,0,0,1
6,0,17,1,82,216,1,1,1
6,0,17,1,83,200,1,1,1
6,0,17,1,83,376,0,0,1
6,0,17,1,76,182,1,1,1
6,0,17,1,81,205,1,1,1
6,0,17,1,82,226,1,1,1
6,0,17,1,66,160,1,1,1
6,0,17,1,70,181,1,1,1
6,0,17,1,69,79,1,1,1
6,0,17,1,89,257,1,1,1
8,0,1,1,81,263,1,1,1
8,0,1,1,85,12,1,1,1
8,0,1,1,79,53,1,1,1
8,0,1,1,85,353,1,1,1
8,0,1,1,85,1050,0,1,0
8,0,1,1,72,279,1,1,1
8,0,1,1,86,43,1,1,1
8,0,1,1,75,200,1,1,1
8,0,1,1,75,212,0,0,1
8,0,1,1,75,279,0,0,1
8,0,1,1,66,180,1,1,1
8,0,1,1,82,224,1,1,1
8,0,1,1,70,108,0,1,0
8,0,1,1,70,496,0,0,1
8,0,1,1,67,13,1,1,1
8,0,1,1,71,176,1,1,1
8,0,1,1,88,351,1,1,1
8,0,1,1,70,260,1,1,1
8,0,1,1,77,286,1,1,1
8,0,1,1,88,489,1,1,1
8,0,1,1,70,399,1,1,1
8,0,2,3,90,246,1,0,0
8,0,2,3,66,150,1,1,1
8,0,2,3,76,396,1,1,1
8,0,2,3,75,248,1,1,1
8,0,2,3,67,301,1,1,1
8,0,2,3,76,353,1,0,0
8,0,2,3,74,190,1,1,1
8,0,2,3,71,155,1,1,1
8,0,2,3,70,199,1,0,0
8,0,2,3,74,539,0,0,1
8,0,2,3,71,1145,0,0,1
8,0,2,3,72,270,1,1,1
8,0,2,3,69,221,1,1,1
8,0,2,3,87,378,1,1,1
8,0,2,3,78,331,1,1,1
8,0,2,3,88,598,1,1,1
8,0,2,3,87,858,0,0,1
8,0,2,3,78,189,0,1,0
8,0,2,3,88,494,0,0,1
8,0,3,1,69,433,1,1,1
8,0,3,1,65,106,0,0,1
8,0,3,1,86,321,0,1,0
8,0,3,1,88,312,0,1,0
8,0,3,1,88,305,0,0,1
8,0,3,1,83,199,1,1,1
8,0,3,1,71,215,1,1,1
8,0,3,1,80,33,1,1,1
8,0,3,1,89,211,1,1,1
8,0,3,1,88,623,1,1,1
8,0,3,1,80,536,1,1,1
8,0,3,1,85,143,1,1,1
8,0,3,1,86,35,1,1,1
8,0,3,1,65,51,1,1,1
8,0,3,1,65,484,0,0,1
8,0,3,1,71,303,1,1,1
8,0,3,1,76,814,1,1,1
8,0,3,1,87,693,1,1,1
8,0,3,1,66,413,1,1,1
8,0,3,1,73,68,1,1,1
8,0,4,3,79,493,0,0,1
8,0,4,3,77,460,1,1,1
8,0,4,3,76,768,1,1,1
8,0,4,3,76,725,1,1,1
8,0,4,3,82,777,1,1,1
8,0,4,3,69,289,1,0,0
8,0,4,3,76,463,0,1,0
8,0,4,3,78,241,1,1,1
8,0,4,3,74,269,1,1,1
8,0,4,3,77,268,1,0,0
8,0,4,3,89,238,1,1,1
8,0,4,3,85,299,1,1,1
8,0,4,3,83,261,1,1,1
8,0,4,3,89,261,0,1,0
8,0,4,3,77,217,1,0,0
8,0,4,3,83,1426,0,1,0
8,0,4,3,89,806,0,0,1
8,0,4,3,78,438,1,0,0
8,0,5,1,65,92,0,0,1
8,0,5,1,68,257,1,1,1
8,0,5,1,77,88,1,1,1
8,0,5,1,88,259,1,1,1
8,0,5,1,72,147,1,1,1
8,0,5,1,71,74,1,1,1
8,0,5,1,71,241,0,0,1
8,0,5,1,71,250,0,0,1
8,0,5,1,67,353,1,1,1
8,0,5,1,87,449,1,1,1
8,0,5,1,89,203,1,1,1
8,0,5,1,89,246,0,0,1
8,0,5,1,78,247,1,1,1
8,0,5,1,78,437,0,0,1
8,0,5,1,88,243,1,1,1
8,0,5,1,77,246,1,1,1
8,0,5,1,88,374,1,1,1
8,0,5,1,65,606,1,1,1
8,0,5,1,68,173,1,1,1
8,0,5,1,84,317,1,1,1
8,0,6,3,68,538,1,1,1
8,0,6,3,90,707,1,1,1
8,0,6,3,74,215,1,1,1
8,0,6,3,71,1060,1,1,1
8,0,6,3,90,375,0,0,1
8,0,6,3,74,357,0,0,1
8,0,6,3,81,885,1,1,1
8,0,6,3,66,288,1,1,1
8,0,6,3,90,435,1,0,0
8,0,6,3,81,531,0,0,1
8,0,6,3,66,810,0,1,0
8,0,6,3,66,465,1,1,1
8,0,6,3,69,930,1,0,0
8,0,6,3,71,539,1,0,0
8,0,6,3,66,626,0,0,1
8,0,6,3,88,995,1,1,1
8,0,6,3,85,691,1,1,1
8,0,6,3,74,520,1,0,0
8,0,6,3,86,448,1,1,1
8,0,7,1,87,64,1,1,1
8,0,7,1,88,186,1,1,1
8,0,7,1,77,52,1,1,1
8,0,7,1,70,481,1,1,1
8,0,7,1,83,3,1,1,1
8,0,7,1,69,112,1,1,1
8,0,7,1,69,135,0,0,1
8,0,7,1,85,629,1,1,1
8,0,7,1,89,286,1,1,1
8,0,7,1,89,219,0,0,1
8,0,7,1,89,39,0,0,1
8,0,7,1,86,260,1,1,1
8,0,7,1,65,713,1,1,1
8,0,7,1,65,267,0,0,1
8,0,7,1,71,222,1,1,1
8,0,7,1,83,268,1,1,1
8,0,7,1,70,339,1,1,1
8,0,7,1,66,252,1,1,1
8,0,7,1,66,232,0,0,1
8,0,7,1,84,267,1,1,1
8,0,8,3,77,179,1,1,1
8,0,8,3,67,90,1,1,1
8,0,8,3,77,785,1,0,0
8,0,8,3,79,214,1,1,1
8,0,8,3,80,607,1,1,1
8,0,8,3,77,713,0,0,1
8,0,8,3,79,713,0,0,1
8,0,8,3,79,343,1,1,1
8,0,8,3,66,1111,1,0,0
8,0,8,3,72,296,1,1,1
8,0,8,3,90,285,0,1,0
8,0,8,3,81,258,1,0,0
8,0,8,3,89,813,1,1,1
8,0,8,3,90,1298,0,1,0
8,0,8,3,77,330,1,0,0
8,0,8,3,82,179,1,1,1
8,0,8,3,80,371,1,0,0
8,0,8,3,77,364,0,1,0
8,0,10,1,74,212,0,0,1
8,0,10,1,78,338,1,1,1
8,0,10,1,83,436,1,1,1
8,0,10,1,78,4,1,1,1
8,0,10,1,78,214,0,0,1
8,0,10,1,82,392,1,1,1
8,0,10,1,82,270,0,0,1
8,0,10,1,73,286,1,1,1
8,0,10,1,86,220,1,1,1
8,0,10,1,82,235,1,0,0
8,0,10,1,80,305,1,1,1
8,0,10,1,65,496,1,1,1
8,0,10,1,67,133,1,1,1
8,0,10,1,86,273,0,1,0
8,0,10,1,86,212,0,0,1
8,0,10,1,73,402,1,1,1
8,0,10,1,76,425,1,1,1
8,0,10,1,85,317,1,1,1
8,0,10,1,68,205,1,1,1
8,0,10,1,80,345,1,1,1
8,0,10,1,89,250,1,1,1
8,0,11,3,90,68,1,1,1
8,0,11,3,74,308,1,1,1
8,0,11,3,81,613,0,0,1
8,0,11,3,66,1130,1,0,0
8,0,11,3,70,649,1,1,1
8,0,11,3,66,377,1,1,1
8,0,11,3,77,285,1,1,1
8,0,11,3,68,431,1,1,1
8,0,11,3,90,218,1,0,0
8,0,11,3,76,1265,1,1,1
8,0,11,3,79,986,1,0,0
8,0,11,3,83,435,1,1,1
8,0,11,3,65,318,1,1,1
8,0,11,3,79,459,0,0,1
8,0,11,3,89,214,1,1,1
8,0,11,3,65,475,0,0,1
8,0,11,3,85,151,1,1,1
8,0,11,3,89,222,0,1,0
8,0,11,3,65,223,0,0,1
8,0,12,3,83,155,1,1,1
8,0,12,3,89,404,0,0,1
8,0,12,3,69,700,0,0,1
8,0,12,3,71,188,1,1,1
8,0,12,3,81,207,1,1,1
8,0,12,3,86,830,1,1,1
8,0,12,3,87,1039,1,1,1
8,0,12,3,75,534,1,1,1
8,0,12,3,68,268,1,0,0
8,0,12,3,67,283,1,1,1
8,0,12,3,85,346,1,1,1
8,0,12,3,86,410,1,0,0
8,0,12,3,65,124,1,1,1
8,0,12,3,85,421,0,0,1
8,0,12,3,88,240,1,1,1
8,0,12,3,65,659,0,0,1
8,0,12,3,85,576,1,0,0
8,0,12,3,88,551,0,0,1
8,0,12,3,77,204,1,1,1
8,0,13,1,66,409,1,1,1
8,0,13,1,85,470,1,1,1
8,0,13,1,81,102,1,1,1
8,0,13,1,78,256,1,1,1
8,0,13,1,79,207,1,1,1
8,0,13,1,73,216,1,1,1
8,0,13,1,84,116,1,1,1
8,0,13,1,87,132,1,1,1
8,0,13,1,73,928,0,1,0
8,0,13,1,73,375,0,0,1
8,0,13,1,85,286,1,1,1
8,0,13,1,66,161,1,1,1
8,0,13,1,75,193,1,1,1
8,0,13,1,90,218,1,1,1
8,0,13,1,73,428,1,1,1
8,0,13,1,73,291,0,0,1
8,0,13,1,87,527,1,1,1
8,0,13,1,87,744,0,1,0
8,0,13,1,78,388,1,1,1
8,0,13,1,78,371,0,0,1
8,0,13,1,84,237,1,1,1
8,0,14,3,77,319,1,1,1
8,0,14,3,73,589,1,0,0
8,0,14,3,80,107,1,1,1
8,0,14,3,77,437,0,0,1
8,0,14,3,85,276,1,1,1
8,0,14,3,68,188,1,1,1
8,0,14,3,70,307,1,1,1
8,0,14,3,83,454,1,1,1
8,0,14,3,68,336,0,0,1
8,0,14,3,82,488,1,1,1
8,0,14,3,81,1039,1,1,1
8,0,14,3,70,412,1,1,1
8,0,14,3,65,313,1,1,1
8,0,14,3,88,341,1,0,0
8,0,14,3,70,389,1,0,0
8,0,14,3,65,140,0,1,0
8,0,14,3,88,133,0,1,0
8,0,14,3,89,260,1,0,0
8,0,14,3,65,529,0,0,1
8,0,15,1,70,11,0,0,1
8,0,15,1,70,300,0,0,1
8,0,15,1,78,67,1,1,1
8,0,15,1,86,215,1,1,1
8,0,15,1,74,122,1,1,1
8,0,15,1,79,128,1,1,1
8,0,15,1,83,65,1,1,1
8,0,15,1,70,134,1,1,1
8,0,15,1,65,46,1,1,1
8,0,15,1,65,163,0,0,1
8,0,15,1,78,279,1,1,1
8,0,15,1,79,359,1,1,1
8,0,15,1,65,421,1,1,1
8,0,15,1,88,90,1,1,1
8,0,15,1,85,111,1,1,1
8,0,15,1,85,542,0,0,1
8,0,15,1,68,470,1,1,1
8,0,15,1,68,303,0,0,1
8,0,15,1,74,239,1,1,1
8,0,15,1,81,316,1,1,1
8,0,15,1,89,242,1,1,1
8,0,16,3,65,221,0,1,0
8,0,16,3,66,84,0,1,0
8,0,16,3,66,499,0,1,0
8,0,16,3,67,277,0,1,0
8,0,16,3,74,507,0,1,0
8,0,16,3,72,365,0,0,1
8,0,16,3,71,484,0,0,1
8,0,16,3,71,316,0,0,1
8,0,16,3,72,14,0,1,0
8,0,16,3,74,629,0,1,0
8,0,16,3,65,690,0,1,0
8,0,16,3,74,914,0,0,1
8,0,16,3,74,434,0,1,0
8,0,16,3,71,461,0,1,0
8,0,16,3,72,948,0,0,1
8,0,16,3,72,365,0,1,0
8,0,16,3,73,35,0,1,0
8,0,16,3,65,285,0,0,1
8,0,17,1,66,96,0,0,1
8,0,17,1,85,238,1,1,1
8,0,17,1,70,484,1,1,1
8,0,17,1,70,195,0,0,1
8,0,17,1,84,233,1,1,1
8,0,17,1,84,268,0,0,1
8,0,17,1,79,186,1,1,1
8,0,17,1,82,243,1,1,1
8,0,17,1,81,37,1,1,1
8,0,17,1,88,59,1,1,1
8,0,17,1,88,208,0,0,1
8,0,17,1,82,527,1,1,1
8,0,17,1,83,300,1,1,1
8,0,17,1,83,336,0,0,1
8,0,17,1,76,27,1,1,1
8,0,17,1,81,190,1,1,1
8,0,17,1,82,61,1,1,1
8,0,17,1,66,134,1,1,1
8,0,17,1,70,316,1,1,1
8,0,17,1,69,291,1,1,1
8,0,17,1,89,747,1,1,1
11,0,1,1,85,318,1,1,1
11,0,1,1,79,98,1,1,1
11,0,1,1,85,271,1,1,1
11,0,1,1,85,134,0,0,1
11,0,1,1,72,71,1,1,1
11,0,1,1,86,396,1,1,1
11,0,1,1,75,12,1,1,1
11,0,1,1,75,115,0,0,1
11,0,1,1,75,339,0,0,1
11,0,1,1,66,77,1,1,1
11,0,1,1,82,265,1,1,1
11,0,1,1,70,35,0,1,0
11,0,1,1,70,107,0,0,1
11,0,1,1,67,456,1,1,1
11,0,1,1,71,87,1,1,1
11,0,1,1,88,44,1,1,1
11,0,1,1,70,203,1,1,1
11,0,1,1,88,84,1,1,1
11,0,1,1,70,400,1,1,1
11,0,2,3,90,552,1,0,0
11,0,2,3,66,975,1,1,1
11,0,2,3,76,1173,1,1,1
11,0,2,3,75,784,1,1,1
11,0,2,3,67,762,1,1,1
11,0,2,3,76,83,1,0,0
11,0,2,3,74,66,1,1,1
11,0,2,3,71,109,1,1,1
11,0,2,3,70,399,1,1,1
11,0,2,3,74,429,0,0,1
11,0,2,3,71,109,0,0,1
11,0,2,3,69,472,1,1,1
11,0,2,3,87,555,1,1,1
11,0,2,3,78,526,1,1,1
11,0,2,3,88,45,1,1,1
11,0,2,3,87,448,0,0,1
11,0,2,3,78,102,0,0,1
11,0,2,3,88,445,0,0,1
11,0,3,1,69,799,1,1,1
11,0,3,1,65,498,1,1,1
11,0,3,1,65,84,0,0,1
11,0,3,1,88,71,0,1,0
11,0,3,1,88,76,0,0,1
11,0,3,1,83,90,1,1,1
11,0,3,1,80,466,1,1,1
11,0,3,1,89,401,1,1,1
11,0,3,1,88,385,1,1,1
11,0,3,1,80,34,1,1,1
11,0,3,1,85,421,1,1,1
11,0,3,1,86,475,1,1,1
11,0,3,1,65,372,1,1,1
11,0,3,1,65,286,0,1,0
11,0,3,1,76,119,1,1,1
11,0,3,1,66,386,1,1,1
11,0,3,1,73,438,1,1,1
11,0,4,3,87,95,1,1,1
11,0,4,3,79,270,0,0,1
11,0,4,3,77,304,1,1,1
11,0,4,3,76,285,1,1,1
11,0,4,3,76,371,1,1,1
11,0,4,3,82,142,1,1,1
11,0,4,3,69,54,1,1,1
11,0,4,3,76,217,0,0,1
11,0,4,3,74,53,1,1,1
11,0,4,3,77,1169,1,1,1
11,0,4,3,89,198,1,1,1
11,0,4,3,85,97,1,1,1
11,0,4,3,83,476,1,1,1
11,0,4,3,77,255,1,1,1
11,0,4,3,83,200,0,0,1
11,0,4,3,89,166,0,0,1
11,0,4,3,78,483,1,1,1
11,0,5,1,65,719,0,0,1
11,0,5,1,68,568,1,1,1
11,0,5,1,77,444,1,1,1
11,0,5,1,88,375,1,1,1
11,0,5,1,72,446,1,1,1
11,0,5,1,85,82,1,1,1
11,0,5,1,71,405,1,1,1
11,0,5,1,71,83,0,0,1
11,0,5,1,71,104,0,0,1
11,0,5,1,67,462,1,1,1
11,0,5,1,87,87,1,1,1
11,0,5,1,89,426,1,1,1
11,0,5,1,89,103,0,0,1
11,0,5,1,78,436,1,1,1
11,0,5,1,78,349,0,0,1
11,0,5,1,88,161,1,1,1
11,0,5,1,77,202,1,1,1
11,0,5,1,88,265,1,1,1
11,0,5,1,65,114,1,1,1
11,0,5,1,68,496,1,1,1
11,0,5,1,84,82,1,1,1
11,0,6,3,68,482,1,1,1
11,0,6,3,90,227,1,1,1
11,0,6,3,74,133,1,1,1
11,0,6,3,71,192,1,1,1
11,0,6,3,90,107,0,0,1
11,0,6,3,74,1054,0,1,0
11,0,6,3,81,739,1,1,1
11,0,6,3,66,917,1,1,1
11,0,6,3,90,299,1,0,0
11,0,6,3,66,112,1,1,1
11,0,6,3,69,268,1,1,1
11,0,6,3,71,861,1,1,1
11,0,6,3,66,365,0,0,1
11,0,6,3,85,425,1,1,1
11,0,6,3,74,22,1,1,1
11,0,6,3,86,339,1,1,1
11,0,7,1,87,583,1,1,1
11,0,7,1,88,69,1,1,1
11,0,7,1,77,113,1,1,1
11,0,7,1,70,410,1,1,1
11,0,7,1,83,455,1,1,1
11,0,7,1,69,119,1,1,1
11,0,7,1,69,175,0,0,1
11,0,7,1,85,215,1,1,1
11,0,7,1,89,487,1,1,1
11,0,7,1,89,158,0,0,1
11,0,7,1,89,473,0,0,1
11,0,7,1,65,446,1,1,1
11,0,7,1,65,491,0,1,0
11,0,7,1,71,489,1,1,1
11,0,7,1,83,80,1,1,1
11,0,7,1,70,5,1,1,1
11,0,7,1,73,22,1,1,1
11,0,7,1,66,466,1,1,1
11,0,7,1,66,36,0,1,0
11,0,7,1,84,278,1,1,1
11,0,8,3,77,486,1,1,1
11,0,8,3,90,157,1,1,1
11,0,8,3,67,425,1,1,1
11,0,8,3,77,81,1,0,0
11,0,8,3,77,305,0,0,1
11,0,8,3,79,402,0,0,1
11,0,8,3,79,477,1,1,1
11,0,8,3,66,285,1,1,1
11,0,8,3,72,540,1,1,1
11,0,8,3,90,278,0,1,0
11,0,8,3,81,310,1,1,1
11,0,8,3,89,12,1,1,1
11,0,8,3,90,389,0,0,1
11,0,8,3,77,761,1,1,1
11,0,8,3,82,639,1,0,0
11,0,8,3,80,605,1,1,1
11,0,8,3,77,600,0,1,0
11,0,10,1,74,278,0,0,1
11,0,10,1,78,147,1,1,1
11,0,10,1,78,20,0,0,1
11,0,10,1,82,429,1,1,1
11,0,10,1,82,149,0,0,1
11,0,10,1,73,82,1,1,1
11,0,10,1,86,379,1,1,1
11,0,10,1,82,382,1,1,1
11,0,10,1,65,36,1,1,1
11,0,10,1,67,484,1,1,1
11,0,10,1,86,54,0,1,0
11,0,10,1,86,413,0,0,1
11,0,10,1,73,455,1,1,1
11,0,10,1,85,348,1,1,1
11,0,10,1,68,439,1,1,1
11,0,10,1,80,27,1,1,1
11,0,11,3,90,247,1,1,1
11,0,11,3,74,117,1,1,1
11,0,11,3,81,452,0,0,1
11,0,11,3,66,729,1,1,1
11,0,11,3,70,278,1,1,1
11,0,11,3,66,723,1,1,1
11,0,11,3,77,260,1,1,1
11,0,11,3,68,498,1,1,1
11,0,11,3,90,451,1,1,1
11,0,11,3,76,172,1,1,1
11,0,11,3,79,450,1,1,1
11,0,11,3,83,114,1,1,1
11,0,11,3,65,84,1,1,1
11,0,11,3,79,319,0,0,1
11,0,11,3,89,964,1,1,1
11,0,11,3,65,781,0,0,1
11,0,11,3,85,643,1,1,1
11,0,11,3,89,112,0,0,1
11,0,11,3,65,456,0,0,1
11,0,12,3,83,557,1,1,1
11,0,12,3,89,1416,0,1,0
11,0,12,3,69,238,0,0,1
11,0,12,3,71,684,1,1,1
11,0,12,3,87,411,1,1,1
11,0,12,3,75,160,1,1,1
11,0,12,3,68,385,1,1,1
11,0,12,3,67,284,1,1,1
11,0,12,3,85,19,1,1,1
11,0,12,3,86,513,1,1,1
11,0,12,3,65,580,1,1,1
11,0,12,3,85,372,0,0,1
11,0,12,3,88,438,1,1,1
11,0,12,3,65,116,0,0,1
11,0,12,3,85,408,1,0,0
11,0,12,3,88,374,0,1,0
11,0,13,1,66,160,1,1,1
11,0,13,1,85,449,1,1,1
11,0,13,1,81,497,1,1,1
11,0,13,1,78,366,1,1,1
11,0,13,1,79,372,1,1,1
11,0,13,1,73,46,1,1,1
11,0,13,1,87,425,1,1,1
11,0,13,1,73,452,0,1,0
11,0,13,1,73,94,0,0,1
11,0,13,1,85,58,1,1,1
11,0,13,1,66,428,1,1,1
11,0,13,1,75,288,1,1,1
11,0,13,1,90,907,1,1,1
11,0,13,1,73,408,1,1,1
11,0,13,1,73,403,0,0,1
11,0,13,1,87,494,1,1,1
11,0,13,1,87,33,0,1,0
11,0,13,1,78,313,1,1,1
11,0,13,1,78,437,0,0,1
11,0,14,3,77,205,1,1,1
11,0,14,3,73,172,1,1,1
11,0,14,3,80,70,1,1,1
11,0,14,3,77,49,0,0,1
11,0,14,3,85,90,1,1,1
11,0,14,3,68,245,1,1,1
11,0,14,3,70,232,1,1,1
11,0,14,3,82,162,1,1,1
11,0,14,3,81,357,1,1,1
11,0,14,3,70,325,1,1,1
11,0,14,3,65,996,1,1,1
11,0,14,3,88,324,1,1,1
11,0,14,3,70,339,1,0,0
11,0,14,3,65,319,0,0,1
11,0,14,3,88,386,0,0,1
11,0,14,3,89,245,1,1,1
11,0,14,3,65,218,0,0,1
11,0,15,1,70,214,0,0,1
11,0,15,1,70,235,0,0,1
11,0,15,1,78,37,1,1,1
11,0,15,1,74,232,1,1,1
11,0,15,1,79,466,1,1,1
11,0,15,1,70,364,1,1,1
11,0,15,1,65,434,1,1,1
11,0,15,1,65,259,0,0,1
11,0,15,1,78,397,1,1,1
11,0,15,1,79,788,1,0,0
11,0,15,1,65,363,1,1,1
11,0,15,1,88,268,1,1,1
11,0,15,1,85,489,1,1,1
11,0,15,1,85,294,0,0,1
11,0,15,1,68,131,1,1,1
11,0,15,1,68,1,0,0,1
11,0,15,1,74,36,1,1,1
11,0,15,1,81,42,1,1,1
11,0,15,1,89,89,1,1,1
11,0,16,3,65,440,0,1,0
11,0,16,3,66,676,0,1,0
11,0,16,3,66,290,0,1,0
11,0,16,3,67,244,0,1,0
11,0,16,3,74,34,0,1,0
11,0,16,3,72,463,0,1,0
11,0,16,3,71,227,0,1,0
11,0,16,3,71,228,0,1,0
11,0,16,3,72,239,0,0,1
11,0,16,3,74,940,0,1,0
11,0,16,3,65,101,0,1,0
11,0,16,3,74,10,0,1,0
11,0,16,3,74,56,0,1,0
11,0,16,3,71,168,0,1,0
11,0,16,3,72,219,0,0,1
11,0,16,3,72,1318,0,1,0
11,0,16,3,73,364,0,1,0
11,0,16,3,73,592,0,1,0
11,0,16,3,65,463,0,1,0
11,0,17,1,66,774,0,0,1
11,0,17,1,85,1188,1,1,1
11,0,17,1,70,93,1,1,1
11,0,17,1,70,30,0,0,1
11,0,17,1,84,135,1,1,1
11,0,17,1,84,205,0,0,1
11,0,17,1,79,407,1,1,1
11,0,17,1,82,354,1,1,1
11,0,17,1,81,88,1,1,1
11,0,17,1,88,462,1,1,1
11,0,17,1,88,66,0,0,1
11,0,17,1,83,425,1,1,1
11,0,17,1,83,133,0,0,1
11,0,17,1,76,243,1,1,1
11,0,17,1,82,905,1,1,1
11,0,17,1,66,157,1,1,1
11,0,17,1,70,97,1,1,1
11,0,17,1,89,124,1,1,1